model,score_val,eval_metric,pred_time_val,fit_time,pred_time_val_marginal,fit_time_marginal,stack_level,can_infer,fit_order
WeightedEnsemble_L2,1.0,roc_auc,0.001562356948852539,1.4983749389648438,0.00021195411682128906,0.012584924697875977,2,True,12
XGBoost,0.9800000000000001,roc_auc,0.0010082721710205078,0.3731558322906494,0.0010082721710205078,0.3731558322906494,1,True,9
LightGBMLarge,0.92,roc_auc,0.0003421306610107422,1.1126341819763184,0.0003421306610107422,1.1126341819763184,1,True,11
NeuralNetFastAI,0.9,roc_auc,0.0052700042724609375,0.30559301376342773,0.0052700042724609375,0.30559301376342773,1,True,8
RandomForestEntr,0.87,roc_auc,0.02616405487060547,0.16707801818847656,0.02616405487060547,0.16707801818847656,1,True,4
CatBoost,0.86,roc_auc,0.000392913818359375,0.21203017234802246,0.000392913818359375,0.21203017234802246,1,True,5
NeuralNetTorch,0.8400000000000001,roc_auc,0.002154827117919922,1.0019028186798096,0.002154827117919922,1.0019028186798096,1,True,10
RandomForestGini,0.8400000000000001,roc_auc,0.0279541015625,0.17864179611206055,0.0279541015625,0.17864179611206055,1,True,3
LightGBMXT,0.84,roc_auc,0.0003781318664550781,0.5064792633056641,0.0003781318664550781,0.5064792633056641,1,True,1
LightGBM,0.8300000000000001,roc_auc,0.000331878662109375,0.31105899810791016,0.000331878662109375,0.31105899810791016,1,True,2
ExtraTreesGini,0.81,roc_auc,0.026460886001586914,0.16016101837158203,0.026460886001586914,0.16016101837158203,1,True,6
ExtraTreesEntr,0.8,roc_auc,0.02678203582763672,0.16374778747558594,0.02678203582763672,0.16374778747558594,1,True,7
