pair_id	group	position	nucleotide	context_pm50	grantham	is_YTCA	is_RTCA	is_TCW	in_stem	stem_length	stem_loop_length	stem_pin_energy	stem_linear_energy	stem_nn_energy	stem_cruciform_hairpin_dG	stem_linear_duplex_dG	stem_cruciform_relative_dG	stem_unpaired_prob	stem_hairpin_sequence	in_loop_boundary	loop_boundary_length	loop_boundary_stem_length	loop_boundary_pin_energy	loop_boundary_linear_energy	loop_boundary_nn_energy	loop_boundary_cruciform_hairpin_dG	loop_boundary_linear_duplex_dG	loop_boundary_cruciform_relative_dG	loop_boundary_unpaired_prob	loop_boundary_hairpin_sequence	in_loop_other	loop_other_length	loop_other_stem_length	loop_other_pin_energy	loop_other_linear_energy	loop_other_nn_energy	loop_other_cruciform_hairpin_dG	loop_other_linear_duplex_dG	loop_other_cruciform_relative_dG	loop_other_unpaired_prob	loop_other_hairpin_sequence	ds1_mutation	ds1_independent_events	ds2_mutation	ds2_independent_events	ds3_mutation	ds3_independent_events	any_mutation	total_independent_events	third_nt_A	third_nt_C	third_nt_G	third_nt_T	minus1_nt_A	minus1_nt_C	minus1_nt_G	minus1_nt_T
1126	case	1126	G	atcacgcgtgaagaagctctggctatgatcaaagactgtgagatgtctaTCgacatcagatgtagcgaagaagagaaagacagtgacatcaagacccatcc	0	0	0	0	0	0	0									1	4	6	-4.0	-18.1	10.1	-4.0	-18.1	10.1	0.9990197294096944	gatgtc[GAta]gacatc	0	0	0									0	0	1	1	0	0	1	1	0	0	1	0	1	0	0	0
1126	control	10336	C	atgagcaagttctataagctagttaactaataaataaaaagtttaattaTCgacgatatatgtcgttatttttctctcatatgaaagattaatttgattct	0	0	0	0	1	5	1	-4.0	-11.7	3.6999999999999993	100000.0	-11.7	200011.7	0.6632077473272432	taTCg[a]cgata	0	0	0	0.0								0	0	0									0	0	0	0	0	0	0	0	0	0	1	0	1	0	0	0
13686	case	13686	C	tttaatttgacacatatcagcaatttctttttcgcagtcggttatatatTCtatataagatggatacgtatcacatatgtacttatagtctactaatatga	56	0	0	1	0	0	0									1	3	7	-1.4999999999999996	-12.7	9.7	-1.2000000476837158	-12.7	10.299999904632568	1.0	ttatata[tTC]tatataa	1	3	5	0.1999999999999997	-9.2	9.599999999999998	0.4000000059604645	-9.2	10.000000011920928	1.0	tatat[TCt]atata	0	0	1	2	0	0	1	2	0	0	0	1	0	0	0	1
13686	control	138809	C	atctataatatctttgaaacacgatttaaaatcaaaccacgaatatactTCtacgaagaaagttagtttacccataggagagataactataaatggagatc	56	0	0	1	1	4	3	-0.7999999999999994	-11.7	10.1	-0.2000000029802322	-11.7	11.299999994039537	0.4090662289479013	ctTC[tac]gaag	0	0	0	0.0								1	9	4	0.3999999999999994	-19.1	19.9	0.1000000014901161	-19.1	19.300000002980234	0.1259644946510598	actT[Ctacgaaga]aagt	0	0	0	0	0	0	0	0	0	0	0	1	0	0	0	1
14070	case	14070	C	acaataataaagtatactacgtccatgtttatctattttgtttatatcaTCgatatacggcttacaaatttctagtatcgataacacttctgactcgtgaa	23	0	0	0	1	7	20	-2.2	-39.1	34.7	-2.200000047683716	-39.1	34.69999990463257	0.0151058471691885	aTCgata[tacggcttacaaatttctag]tatcgat	1	3	6	-1.6999999999999995	-13.5	10.1	-0.8999999761581421	-13.5	11.700000047683716	1.0	tatatc[aTC]gatata	0	0	0									0	0	0	0	0	0	0	0	0	0	1	0	1	0	0	0
14070	control	119227	C	tgtatccgtcaatctaatattaagaaggtgttgagtgaaaggtggaagaTCgtaaaagctgtgagtattaataatagggttagtttccgaactaatgttaa	23	0	0	0	0	0	0									0	0	0	0.0								0	0	0									0	0	0	0	0	0	0	0	0	0	1	0	1	0	0	0
17437	case	17437	C	ccatcgtaataccatgtttaagatagtatattctctagttactacgatcTCatcgttgtctagaatatcgcatactgaatctacatccaattttagaaatt	56	1	0	1	0	0	0									1	3	5	-2.600000000000001	-16.0	10.799999999999995	-2.4000000953674316	-16.0	11.199999809265137	0.9994951205234388	acgat[cTC]atcgt	1	18	4	0.6999999999999993	-31.200000000000003	32.6	0.4000000059604645	-31.2	32.00000001192093	0.8542339609530696	cgat[cTCatcgttgtctagaat]atcg	0	0	0	0	1	1	1	1	1	0	0	0	0	1	0	0
17437	control	77383	G	tcccgcatatttagatatcaaagccttgttgtctccgataggtgtatacTCagtcgatacggattccatattttctttataaatattaatctttttacgag	56	1	0	1	0	0	0									0	0	0	0.0								1	9	4	1.1999999999999995	-18.4	20.8	0.8999999761581421	-18.4	20.199999952316283	0.7333757604631038	gtat[cgactGAgt]atac	1	1	1	1	1	1	1	3	1	0	0	0	0	1	0	0
17771	case	17771	G	atcatggatatgaacaggttaaatcttgataaactaaaacacgaaaataTCttttctgataatattatagaggatgccaaagagttcatctttggatctag	0	0	0	1	1	4	6	0.4000000000000003	-13.0	13.8	0.4000000059604645	-13.0	13.800000011920927	0.6062814035022366	tatc[agaaaa]GAta	1	4	5	-1.4999999999999996	-12.6	9.6	-1.5	-12.6	9.6	0.9734699476620462	gaaaa[GAta]ttttc	1	11	5	0.6000000000000001	-19.3	20.5	0.5	-19.3	20.3	0.5948293409881202	aatat[tatcagaaaaG]Atatt	0	0	0	0	0	0	0	0	0	0	0	1	1	0	0	0
17771	control	95170	C	atgatatgatttttaatcaagattcatttttaaaatatttattagaacaTCtgattagaagccactatagagtttctaaacatataacaatagttagatac	0	0	0	1	0	0	0									0	0	0	0.0								0	0	0									0	0	0	0	0	0	0	0	0	0	0	1	1	0	0	0
22616	case	22616	G	ctgatccaacaaagattaatccccattacttacaccccaagaataaataTCtttatcataattctgagtatagtatgcgtggtagttatggagtgacattt	22	0	0	1	1	4	7	0.2000000000000006	-13.1	13.500000000000004	0.2000000029802322	-13.1	13.500000005960464	0.5168999469997442	aaGA[tatttat]tctt	1	4	5	-0.6999999999999997	-11.0	9.6	-0.699999988079071	-11.0	9.600000023841858	0.9814859524547294	ataaa[GAta]tttat	1	16	5	0.3999999999999994	-24.4	25.200000000000003	0.3000000119209289	-24.4	25.000000023841856	0.9613635969776628	agaat[tatgataaaGAtattt]attct	0	0	0	0	0	0	0	0	0	0	0	1	1	0	0	0
22616	control	171732	C	cgtttatcgatgtgcacattcctaagtttaaggtaataggttcgtataaTCttgtggatacgctaataaagttgggactgacagatgtgttctattcaact	22	0	0	1	0	0	0									0	0	0	0.0								1	10	5	-1.2000000000000002	-22.8	20.4	-1.2000000476837158	-22.8	20.39999990463257	0.5400282527237557	cgtat[aaTCttgtgg]atacg	0	0	0	0	0	0	0	0	0	0	0	1	1	0	0	0
23353	case	23353	C	gagttcctcgtttttgctaattatttcgtccaatttattattcttgacaTCgtcaagatcttttgtataggagtcagacttgtattcaacatgtttttcta	23	0	0	0	0	0	0									1	3	7	-5.199999999999999	-20.5	10.1	-4.400000095367432	-20.5	11.699999809265137	0.999733721354048	tcttgac[aTC]gtcaaga	0	0	0									0	0	1	3	1	2	1	5	0	0	1	0	1	0	0	0
23353	control	18165	C	gaataattcttttgtattcggtagttcaaatatatgatccatgcatataTCgacaaagctattgtagatgtgatttttcctaaatctaatataaaactcgt	23	0	0	0	0	0	0									0	0	0	0.0								0	0	0									0	0	0	0	0	0	0	0	0	0	1	0	1	0	0	0
24645	case	24645	G	tctcaattagggaataaaatgtacaatcttaaactccctagattttctaTCgaaaacaagagggatattaagtcgatagccgaaatgatggctcctagtat	0	0	0	0	1	7	19	-2.499999999999999	-37.6	32.6	-2.5	-37.6	32.6	0.0132466667218325	ctatcga[cttaatatccctcttgttt]tcGAtag	1	4	5	-1.9	-13.9	10.1	-1.899999976158142	-13.9	10.100000047683716	0.9992194339426598	ttttc[GAta]gaaaa	0	0	0									0	0	0	0	1	1	1	1	0	0	1	0	1	0	0	0
24645	control	149000	G	actagtagcatggaagcaataggaccaaataaacacggtaatccattcaTCggtcatgagcataccctttatgatatatcaccaggacatgtatacgcaaa	0	0	0	0	0	0	0									0	0	0	0.0								1	5	4	-0.6999999999999993	-15.9	14.5	-0.6000000238418579	-15.9	14.699999952316285	0.9726154923030336	tcat[gaccG]Atga	0	0	0	0	0	0	0	0	0	0	1	0	1	0	0	0
29727	case	29727	C	ttaacaaatctaactggtgagttaatattcatgttgaacataaaaaataTCattttatttcaaaattatttaccattccattccatcccatatattccatg	10	0	1	1	0	0	0									1	3	5	-0.6999999999999997	-11.1	9.7	-0.5	-11.1	10.1	1.0	aaaat[aTC]atttt	1	6	4	0.5	-12.1	13.1	0.5	-12.1	13.1	1.0	aaaa[ataTCa]tttt	0	0	0	0	0	0	0	0	1	0	0	0	1	0	0	0
29727	control	38309	C	tcttttacactattaaagttaacaaaggtattacccgggtacgtggataTCatatatggtattggtccattatcagtaatggctccataaactgatacggc	10	0	1	1	1	4	0	-2.0	-5.470000000000001	1.4700000000000006	100000.0	-5.9	200005.9	0.9557993106249496	Cata[]tatg	0	0	0	0.0								1	1	4	-1.4	-6.6000000000000005	3.8000000000000007	100000.0	-6.6	200006.6	1.0	ataT[C]atat	0	0	0	0	0	0	0	0	1	0	0	0	1	0	0	0
29887	case	29887	C	cctatcaatagcagtttattatccactatgatcaattctggattatcccTCggataaataggatcatctatcagagtccatgtattgctggattcacaata	0	0	0	0	0	0	0									1	3	6	-2.6999999999999997	-16.8	11.400000000000002	-2.200000047683716	-16.8	12.399999904632567	1.0	ttatcc[cTC]ggataa	1	12	4	-0.2000000000000001	-23.000000000000004	22.6	-0.2000000029802322	-23.0	22.599999994039536	0.989497106925406	atcc[cTCggataaata]ggat	0	0	1	3	1	7	1	10	0	0	1	0	0	1	0	0
29887	control	15537	C	tgttagatggttgcatcgtgctttaacgtcaatggtacaaattttatccTCgctttgtgtatatcatattcgtctctagtataaaattctatattcaaatt	0	0	0	0	0	0	0									0	0	0	0.0								1	12	5	-0.6000000000000005	-25.6	24.4	-0.6000000238418579	-25.6	24.39999995231629	0.9741054003243454	acaaa[ttttatccTCgc]tttgt	0	0	0	0	0	0	0	0	0	0	1	0	0	1	0	0
31674	case	31674	C	cacgctttttaagccaaaatatggaagcgaatgatccggaaaagaagatTCcttctactgcagcaaaggcaataagtctctctccataaccggcgctgtca	98	0	0	0	1	4	15	1.3000000000000005	-26.700000000000003	29.300000000000004	1.399999976158142	-26.7	29.499999952316283	0.6046151741018988	gaat[gatccggaaaagaag]atTC	1	4	5	-1.7000000000000006	-15.100000000000003	11.700000000000005	-2.200000047683716	-15.1	10.699999904632568	0.9937602209877296	agaag[atTC]cttct	0	0	0									0	0	0	0	0	0	0	0	0	1	0	0	0	0	0	1
31674	control	101411	C	atacatttttatgatctgatacttgtaagaatatagcaataatgataatTCcatcatcgtgtttttttgcctcttcataagaactatattttttcttattc	98	0	0	0	1	4	15	1.3000000000000005	-22.200000000000003	24.800000000000004	1.2000000476837158	-22.2	24.60000009536743	0.519708496992415	gaat[atagcaataatgata]atTC	0	0	0	0.0								1	6	5	-0.6000000000000005	-16.300000000000004	15.100000000000003	-0.800000011920929	-16.3	14.699999976158145	0.964717567302265	atgat[aatTCc]atcat	0	0	0	0	0	0	0	0	0	1	0	0	0	0	0	1
33788	case	33788	G	atccacgaattatatcatataatcctccaccaaaatagagtatatcatcTCatgatgtataactactgacatagtttcaatgtgaactttttactttctta	0	1	0	1	0	0	0									1	3	5	-1.7000000000000006	-13.600000000000003	10.200000000000005	-1.2000000476837158	-13.6	11.199999904632568	0.9976793245330808	atcat[GAg]atgat	1	4	4	-1.3000000000000005	-12.900000000000002	10.3	-1.2999999523162842	-12.9	10.300000095367432	0.9895813519235824	catc[atGA]gatg	0	0	1	1	0	0	1	1	1	0	0	0	0	1	0	0
33788	control	196342	C	aagtatgtcgacggatcggcatctgaaggtgcaaccgatgatacttcacTCatcgattcaacaaaactcaaagcatgtgtctgaatcgataactctattca	0	1	0	1	1	6	8	-3.3	-24.1	17.5	-3.299999952316284	-24.1	17.500000095367433	0.0362419550476896	cgatga[tacttcac]TCatcg	0	0	0	0.0								0	0	0									0	0	0	0	0	0	0	0	1	0	0	0	0	1	0	0
35134	case	35134	G	aggatttaaatctttggtacaatacataaagtttatctttttacagatgTCtctgttatacattaaaatctacgaactaccctgttgtgacaactttttac	155	0	0	1	0	0	0									1	4	5	-2.6999999999999997	-16.4	11.0	-2.700000047683716	-16.4	10.999999904632569	0.9978478674405404	acaga[GAca]tctgt	1	9	4	0.0	-17.8	17.8	0.0	-17.8	17.8	0.9847755431623592	atgt[ataacagaG]Acat	0	0	0	0	0	0	0	0	0	0	0	1	0	0	1	0
35134	control	130389	C	atcagacgttccggaaagaggtcctcaggtaggtttagtatctcaattgTCtgtcttgagttccattacaaatatactaacgtctgagtatttggatttgg	155	0	0	1	0	0	0									0	0	0	0.0								1	9	5	-1.0999999999999996	-22.100000000000005	19.90000000000001	-1.100000023841858	-22.1	19.89999995231629	0.989203766878864	ctcaa[ttgTCtgtc]ttgag	0	0	0	0	0	0	0	0	0	0	0	1	0	0	1	0
37839	case	37839	C	tattctcggatactctattgatgacactagttaagaacatgtcttctatTCtagaaaacgaaaacatcctacatggactcattaaaacttctaacgctcct	26	0	0	1	1	4	20	2.0999999999999996	-29.700000000000006	33.900000000000006	1.399999976158142	-29.7	32.49999995231629	0.6528406175135177	ctag[ttaagaacatgtcttctatT]Ctag	1	3	5	-1.0999999999999992	-11.9	9.700000000000005	-0.800000011920929	-11.9	10.299999976158142	1.0	ttcta[tTC]tagaa	0	0	0									0	0	0	0	0	0	0	0	0	0	0	1	0	0	0	1
37839	control	137459	C	aaatataatattgtgttagccattgcattggagctcctaatggagatttTCtattctcgtccattttaggatatgctttcataaagtccctaataacttcg	26	0	0	1	0	0	0									0	0	0	0.0								1	8	4	-0.1000000000000005	-15.800000000000004	15.600000000000003	-0.1000000014901161	-15.8	15.599999997019768	0.7799064570760386	gaga[tttTCtat]tctc	0	0	0	0	0	0	0	0	0	0	0	1	0	0	0	1
38662	case	38662	C	accttttgacgacagccattcattaatttctgatatggaatctgtattcTCaataccgtatcgttctaaagccagtgctatatctccctgttcgtgggaac	56	1	0	1	0	0	0									1	3	5	-0.6999999999999997	-12.2	10.8	-0.5	-12.2	11.2	0.9931880624214926	gtatt[cTC]aatac	0	0	0									1	1	1	1	1	1	1	3	1	0	0	0	0	1	0	0
38662	control	130424	G	ataatatgatctgatatactcacaaattttcttttccaaatccaaatacTCagacgttagtatatttgtaatggaactcaagacagacaattgagatacta	56	1	0	1	0	0	0									0	0	0	0.0								1	8	5	-0.5	-19.4	18.4	-0.5	-19.4	18.4	0.8821830250197726	atact[aacgtctG]Agtat	0	0	0	0	0	0	0	0	1	0	0	0	0	1	0	0
41954	case	41954	C	aaaaatatagtagaatttcattttgtttttttctatgctataaatgaatTCtcattttgtatccgcacatactccgttttatatcaataccaaagaaggaa	155	0	0	1	0	0	0									1	4	6	-2.6	-15.900000000000006	10.700000000000006	-2.5999999046325684	-15.9	10.700000190734864	0.9996390703019936	aaatga[atTC]tcattt	0	0	0									0	0	0	0	0	0	0	0	0	0	0	1	0	0	0	1
41954	control	142064	C	agatattagtaaattaacaaattttaagcaactaaacagcacgacggatTCtgaggcgtgttatatatacaagtctggaaaactggttaaaacagtatgta	155	0	0	1	0	0	0									0	0	0	0.0								1	13	4	-0.8999999999999995	-29.8	28.0	-1.2000000476837158	-29.8	27.39999990463257	0.927381309224435	cacg[acggatTCtgagg]cgtg	0	0	0	0	0	0	0	0	0	0	0	1	0	0	0	1
42487	case	42487	G	tacaaattctgtatatctaatacatgataatatcatgtatacatatttcTCaaatactattctccttagtgataaggggaaggtacatgaaataagtgcca	145	1	0	1	0	0	0									1	3	5	-0.6000000000000001	-11.4	10.2	-0.1000000014901161	-11.4	11.199999997019768	0.9899105801124838	tattt[GAg]aaata	1	13	4	1.6	-20.1	23.3	1.5	-20.1	23.1	0.985087959705324	gtat[ttGAgaaatatgt]atac	0	0	0	0	0	0	0	0	1	0	0	0	0	1	0	0
42487	control	107715	G	actaagagataaagacggtgtttacggaagctgttactttaaggaaaacTCacaaattatagatatttctctacggagtttattgtaagctttttccattt	145	1	0	1	0	0	0									0	0	0	0.0								1	18	4	1.6	-26.0	29.2	1.600000023841858	-26.0	29.200000047683716	0.7193632777164907	gaaa[tatctataatttgtGAgt]tttc	0	0	0	0	0	0	0	0	1	0	0	0	0	1	0	0
45274	case	45274	C	gtctaaaaaccggatagcgtccctaggacgaactactgccattaatatcTCtattatagcttctggacataaatcatctattataccagaattaatgggaa	56	0	0	1	1	4	1	-1.7999999999999998	-6.199999999999999	2.5999999999999996	100000.0	-6.2	200006.2	0.899358410921721	Ctat[t]atag	1	4	5	0.0	-11.3	11.3	0.0	-11.3	11.3	1.0	taata[tcTC]tatta	0	0	0									0	0	0	0	0	0	0	0	0	0	0	1	0	1	0	0
45274	control	32983	C	tatattaacgcgttttatgaatgatgatatataaccagaagttttatccTCtgtggctagcgctataaccttatcattataataccaactagtgtaattaa	56	0	0	1	1	4	10	8.881784197001252e-16	-19.8	19.800000000000004	0.0	-19.8	19.8	0.4221504109989442	caga[agttttatcc]TCtg	0	0	0	0.0								1	17	4	2.5	-31.10000000000001	36.10000000000001	2.200000047683716	-31.1	35.50000009536743	0.959410004318462	ttat[ccTCtgtggctagcgct]ataa	0	0	0	0	0	0	0	0	0	0	0	1	0	1	0	0
51951	case	51951	C	gtatgtcttaatcatattcttatgaaacttggaaacatctcttctagttTCactagtacctttattaattctctcaggtacagattttgaattcgacgatg	56	1	0	1	1	7	16	-2.5999999999999996	-34.8	29.6	-2.700000047683716	-34.8	29.39999990463257	0.0176556181953299	tgaaact[tggaaacatctcttct]agttTCa	1	3	5	-1.4	-13.0	10.2	-1.2000000476837158	-13.0	10.599999904632568	0.9924655847592756	ctagt[tTC]actag	0	0	0									0	0	0	0	0	0	0	0	1	0	0	0	0	0	0	1
51951	control	155300	G	tcttattaaattaccagccaccgaaagagcaatcttaatcatgtcaggtTCatatttccccaacatactagatccaaattcgcctacatcaggtaaattca	56	1	0	1	0	0	0									0	0	0	0.0								1	18	4	1.0	-31.300000000000004	33.300000000000004	0.8999999761581421	-31.3	33.09999995231628	0.9761502394105364	atgt[tggggaaatatGAacctg]acat	0	0	0	0	0	0	0	0	1	0	0	0	0	0	0	1
52221	case	52221	C	aaacacggagtcggtatctccatacacgctacgaaaacgaaatctataaTCtataggcaacgatgttttcacaatcggattaatatctctatcgtccatat	23	0	0	1	0	0	0									1	3	5	-0.2999999999999998	-10.3	9.7	0.0	-10.3	10.3	0.9962317819059948	ctata[aTC]tatag	0	0	0									0	0	0	0	0	0	0	0	0	0	0	1	1	0	0	0
52221	control	82710	G	taagagtccagccaatgacagatgcctcatagctacaacaaaattactaTCtacgtcgtttgcaataatttcaccatcctttaagagacccggataattaa	23	0	0	1	0	0	0									0	0	0	0.0								1	16	4	1.2999999999999998	-26.8	29.4	1.2999999523162842	-26.8	29.39999990463257	0.8882218120586243	caaa[cgacgtaGAtagtaat]tttg	0	0	0	0	0	0	0	0	0	0	0	1	1	0	0	0
53913	case	53913	G	caagatcgtacttatttctagatatagagtgtcacttcgataagaagttTCcttctgtatttattaacccaatctcgcatacaagttactgttatatcgat	74	0	0	0	0	0	0									1	4	5	-2.0000000000000004	-15.3	11.3	-2.5	-15.3	10.3	0.9903744558606236	agaag[GAaa]cttct	1	17	4	2.4000000000000004	-25.700000000000006	30.500000000000007	2.4000000953674316	-25.7	30.500000190734863	0.9877021336993508	ataa[atacagaagGAaacttc]ttat	0	0	0	0	0	0	0	0	0	1	0	0	0	0	0	1
53913	control	92523	C	taggtctggatctggaaaatctatatgccgtaactaagactgacggcatTCctataactatcagagttacatcaaaagggttgtattgttattttacacat	74	0	0	0	0	0	0									0	0	0	0.0								1	17	4	0.5000000000000009	-29.9	30.90000000000001	0.5	-29.9	30.9	0.7635489879959769	ctga[cggcatTCctataacta]tcag	0	0	0	0	0	0	0	0	0	1	0	0	0	0	0	1
56644	case	56644	C	taatgtccaaatctatattgtttaatatattatatagatgtagtgtagcTCctacaggaatatctttaactaagtcaatgatttcatcaacagttagatct	98	0	0	0	1	4	2	-3.6000000000000005	-11.300000000000002	4.100000000000001	100000.0	-11.3	200011.3	0.5977506939965893	TCct[ac]agga	1	3	5	-1.6	-15.200000000000005	12.000000000000004	-1.399999976158142	-15.2	12.400000047683717	0.9965088368682846	tgtag[cTC]ctaca	0	0	0									0	0	1	2	0	0	1	2	0	1	0	0	0	1	0	0
56644	control	65635	G	tagaatctattttcgtatgatgttttctcgctactgctataataatatcTCctatttgatcatgctcatgaacttcgtctataataatagtgccataacta	98	0	0	0	0	0	0									0	0	0	0.0								1	5	4	0.3999999999999999	-11.9	12.7	0.4000000059604645	-11.9	12.70000001192093	0.9779463222215442	aata[gGAga]tatt	0	0	0	0	0	0	0	0	0	1	0	0	0	1	0	0
56852	case	56852	G	tccaaaattcttgtagagtagatgagtacctaaaagctgtttccttataTCataagaattctttaatggtatcgggaccaaatgtagtcaagcttatgata	83	0	1	1	0	0	0									1	3	5	-0.8999999999999999	-10.9	9.1	-0.4000000059604645	-10.9	10.099999988079071	0.9847476248801516	cttat[GAt]ataag	0	0	0									0	0	0	0	0	0	0	0	1	0	0	0	1	0	0	0
56852	control	31231	G	aacgtgtgggtgaataccaaaaaatgggagttatgtctcaagaagacaaTCatttttctttagatgttgacttttaaagaaacataaatgccgatatttgt	83	0	1	1	0	0	0									0	0	0	0.0								1	10	4	0.3000000000000007	-18.700000000000003	19.300000000000004	0.3000000119209289	-18.7	19.300000023841857	0.9746272628168754	aaga[aaaatGAttg]tctt	0	0	0	0	0	0	0	0	1	0	0	0	1	0	0	0
57088	case	57088	G	tcatgttggcgacatgttcatgtatccggaatttgcgaggaaggctttaTCaaagcttatttcaaaaaaattaaacattgaaaaggtgtctagcaagcacc	145	0	1	1	1	4	15	1.0	-28.500000000000004	30.500000000000004	0.699999988079071	-28.5	29.899999976158146	0.7030617963233912	tttG[Ataaagccttcctcg]caaa	1	3	5	-2.6	-14.3	9.1	-2.0999999046325684	-14.3	10.100000190734864	0.9992870845857064	gcttt[GAt]aaagc	0	0	0									0	0	0	0	1	1	1	1	1	0	0	0	1	0	0	0
57088	control	183304	C	gaaaacaactaaaagtctatctactggtgtagacatagttacaaaacaaTCagactattctctattacctgacgttaatactggcagttctattgtgtcac	145	0	1	1	1	4	15	0.7000000000000002	-25.200000000000003	26.6	0.2000000029802322	-25.2	25.600000005960464	0.6027754933894098	TCag[actattctctattac]ctga	0	0	0	0.0								1	14	5	0.1000000000000005	-25.1	25.300000000000004	0.0	-25.1	25.1	0.9964429121634708	atagt[tacaaaacaaTCag]actat	0	0	0	0	0	0	0	0	1	0	0	0	1	0	0	0
57351	case	57351	C	accagtaatttgttcaaaatagtcacgcaattcattttcgggtttaaatTCtttaatatctacaatttcatacgctcctcttttgaaactaaacttattta	56	0	0	1	0	0	0									1	3	5	-0.5	-10.7	9.7	-0.2000000029802322	-10.7	10.299999994039537	1.0	ttaaa[tTC]tttaa	1	13	5	0.6000000000000005	-21.5	22.700000000000003	0.6000000238418579	-21.5	22.700000047683716	1.0	aaatT[Ctttaatatctac]aattt	0	0	0	0	0	0	0	0	0	0	0	1	0	0	0	1
57351	control	139843	G	tggcttataaaatacaaataacattcccttatgtttaatcttaatctttTCtttagttattgaatcgttacaattataaaatgatgttttttctaaaaacc	56	0	0	1	0	0	0									0	0	0	0.0								0	0	0									0	0	0	0	0	0	0	0	0	0	0	1	0	0	0	1
62620	case	62620	G	gacgttcactcctctaaacgcgagtccatacattcctaaaaagatagttTCactattggatttaccatctaatgtggaaataaaagcgatatctagaagcg	145	1	0	1	0	0	0									1	3	5	-1.2999999999999994	-12.2	9.6	-0.800000011920929	-12.2	10.59999997615814	0.991531642109319	atagt[GAa]actat	1	20	4	2.5	-28.500000000000004	33.5	2.5	-28.5	33.5	0.8921776548626997	taaa[tccaatagtGAaactatctt]ttta	0	0	0	0	0	0	0	0	1	0	0	0	0	0	0	1
62620	control	119654	C	gacgaccgtaccagtgacagatatacaaaacgacttaattacagagtttTCagaagataattatccatctaacaaaaattatgaaataactcttcgccaaa	145	1	0	1	0	0	0									0	0	0	0.0								1	16	6	0.4000000000000003	-28.300000000000004	29.100000000000005	0.4000000059604645	-28.3	29.10000001192093	0.6096294012436665	taatta[cagagtttTCagaaga]taatta	0	0	0	0	0	0	0	0	1	0	0	0	0	0	0	1
64296	case	64296	C	gacgacctttggattttcaccagtatgtattcctttacgtgataaatcaTCgattttcaaatccatttgtgagaagtctatcgccttagatactttttccc	23	0	0	0	0	0	0									1	3	5	-1.6	-13.300000000000002	10.1	-0.800000011920929	-13.3	11.699999976158145	1.0	aaatc[aTC]gattt	1	17	4	2.1	-27.5	31.7	2.0999999046325684	-27.5	31.699999809265137	1.0	aaat[caTCgattttcaaatcc]attt	0	0	0	0	0	0	0	0	0	0	1	0	1	0	0	0
64296	control	78813	G	tggaataagattcaaaatattattaaacggtctacgttgaaatgtcccaTCgagcgcggctactataactatttttccttcgtttgccatacgctcacaga	23	0	0	0	0	0	0									0	0	0	0.0								0	0	0									0	0	0	0	0	0	0	0	0	0	1	0	1	0	0	0
66175	case	66175	C	gggtagagtttttgtccccgctccttttggaggatcacaacaatttattTCtaaatctatgagagatcaacgaaaaggaagagtaggaagagttaatcctg	155	0	0	1	1	4	20	1.6	-30.8	34.0	1.600000023841858	-30.8	34.00000004768371	0.6846857040427391	ttTC[taaatctatgagagatcaac]gaaa	1	4	5	-0.3999999999999999	-11.5	10.7	-0.4000000059604645	-11.5	10.699999988079073	1.0	attta[ttTC]taaat	1	2	4	-2.1	-8.0	3.8	100000.0	-8.0	200008.0	1.0	attT[Ct]aaat	0	0	0	0	0	0	0	0	0	0	0	1	0	0	0	1
66175	control	147845	C	tttggcaacgagtacatctactatattaacatctaaacataagacttatTCtctatatcggtccatgtgtattgctataataggatacgattctattatat	155	0	0	1	0	0	0									0	0	0	0.0								0	0	0									0	0	1	2	0	0	1	2	0	0	0	1	0	0	0	1
68347	case	68347	G	tctacttatatcctttgattctactaattttttagcgaatgcttctacaTCtagaagttatatgagtttttggtgtaaatctattaattcagcgacggagt	155	0	0	1	0	0	0									1	4	6	-2.4999999999999996	-16.400000000000002	11.400000000000002	-2.5	-16.4	11.4	0.9970955291475756	cttcta[GAtg]tagaag	0	0	0									0	0	0	0	1	1	1	1	0	0	0	1	1	0	0	0
68347	control	102978	C	taccattattaacaaattttttgaggtaattttctttgttggacgaataTCtctaacgagtgatcaaattattgatacctttaaaagtaatcatgaaataa	155	0	0	1	0	0	0									0	0	0	0.0								1	20	4	2.6	-29.7	34.9	2.5999999046325684	-29.7	34.89999980926514	0.221251195693467	aata[TCtctaacgagtgatcaaat]tatt	0	0	0	0	0	0	0	0	0	0	0	1	1	0	0	0
69773	case	69773	C	tgaatcaccatcctttaaaaaaaatgataagatatcaacatggagtataTCatactcggattttaattcttctactgcctcactgacattttcacaaatac	23	0	1	1	1	6	18	-0.6000000000000005	-31.800000000000004	30.6	-0.6000000238418579	-31.8	30.599999952316285	0.3927967547903568	atgata[agatatcaacatggagta]taTCat	1	3	6	-2.3000000000000003	-14.300000000000002	9.700000000000005	-2.0999999046325684	-14.3	10.100000190734864	0.9881509189350935	gagtat[aTC]atactc	0	0	0									0	0	0	0	0	0	0	0	1	0	0	0	1	0	0	0
69773	control	84994	C	ttctcaaaagatcaaggagatagaagaaacagaagacttttaattcttaTCaataacatatttttctatgatctgtcttttaaacgatggattttccacaa	23	0	1	1	1	4	16	0.6999999999999993	-23.3	24.7	0.699999988079071	-23.3	24.699999976158143	0.7719023297679729	aTCa[ataacatatttttcta]tgat	0	0	0	0.0								1	2	4	-1.7000000000000002	-7.800000000000001	4.4	100000.0	-7.8	200007.8	1.0	ttaT[Ca]ataa	0	0	0	0	0	0	0	0	1	0	0	0	1	0	0	0
70775	case	70775	G	tataaattcttgaacagtgcattgacaaggaggaatatacgagtagacaTCgtctaaattagcgtaatcgtttataaacgtaacaatattacgcacgtcta	23	0	0	0	1	4	7	-1.0	-18.500000000000004	16.500000000000004	-1.0	-18.5	16.5	0.1361405334386096	acGA[tgtctac]tcgt	1	3	5	-2.1999999999999997	-14.1	9.700000000000005	-1.2000000476837158	-14.1	11.699999904632568	0.9971455189957258	tagac[GAt]gtcta	0	0	0									0	0	0	0	1	3	1	3	0	0	1	0	1	0	0	0
70775	control	86957	C	tatcacaacatctcttttttcttgcataacttcattgtccttcacatcaTCgaacttctgatcattaatatgctcatgaacattaggaaatgtttctgatg	23	0	0	0	0	0	0									0	0	0	0.0								1	9	4	0.2999999999999998	-19.4	20.0	0.3000000119209289	-19.4	20.000000023841856	0.697380711404489	atca[TCgaacttc]tgat	0	0	1	1	0	0	1	1	0	0	1	0	1	0	0	0
75565	case	75565	G	tcgtctagacgatcagcgataacttccatgttaatctattaaaatattaTCaatatattttcagttttgtatatccgtggtagcaataatcatcggagaag	0	0	1	1	0	0	0									1	3	5	-0.5	-10.1	9.1	0.0	-10.1	10.1	0.9853250015355264	atatt[GAt]aatat	1	7	7	-1.7000000000000002	-17.6	14.2	-1.7999999523162842	-17.6	14.000000095367431	0.993729837638368	aaaatat[attGAta]atatttt	0	0	0	0	1	1	1	1	1	0	0	0	1	0	0	0
75565	control	37469	G	actaccacctttattacagtattgacgtccgtcgatattgaaactgctaTCagagcaggatattcgatagtcgaactaggggctttacaatgggatgataa	0	0	1	1	1	5	14	-0.2999999999999998	-27.600000000000005	27.000000000000007	-0.3000000119209289	-27.6	26.999999976158144	0.1812262791152012	ctatc[gaatatcctgctct]GAtag	0	0	0	0.0								1	5	5	-3.0	-18.500000000000004	12.500000000000004	-3.299999952316284	-18.5	11.900000095367432	0.9843668684505724	ctgct[ctGAt]agcag	0	0	0	0	0	0	0	0	1	0	0	0	1	0	0	0
83815	case	83815	G	catagaacttttcaaagatagtaatagccgtttcttttgtaattctaatTCtagaaggattaagatgcgtcaagaatatatactccataaaatctatatta	26	0	0	1	1	5	20	0.7999999999999998	-34.7	36.3	0.699999988079071	-34.7	36.099999976158145	0.1534345781799443	attct[tgacgcatcttaatccttct]aGAat	1	4	5	-1.2999999999999994	-12.9	10.3	-1.2999999523162842	-12.9	10.300000095367432	0.9958994021385624	ttcta[GAat]tagaa	1	9	4	1.5999999999999996	-16.200000000000003	19.4	1.2999999523162842	-16.2	18.799999904632568	0.7484208007335957	taat[ccttctaGA]atta	0	0	0	0	0	0	0	0	0	0	0	1	0	0	0	1
83815	control	26451	C	atttactcgcatttccgatacatgacaataaagcggttaaatcattggtTCtttccatagtacataattgttgtggtgcagaagcaataaatacagagtgt	26	0	0	1	1	4	17	1.7000000000000002	-29.4	32.8	1.2000000476837158	-29.4	31.80000009536743	0.8336378870805485	aaag[cggttaaatcattggtT]Cttt	0	0	0	0.0								0	0	0									0	0	0	0	0	0	0	0	0	0	0	1	0	0	0	1
84933	case	84933	G	aaagtcttctgtttcttctatctccttgatcttttgagaagatatcttaTCagatagtttcctttccattctcatgagaagacccaagtcgataaagtatt	23	0	1	1	1	4	1	-1.7999999999999998	-7.4	3.8000000000000007	100000.0	-7.4	200007.4	0.9889075644932132	tatc[t]GAta	1	4	5	-1.1999999999999995	-12.500000000000002	10.1	-1.2999999523162842	-12.5	9.900000095367432	0.9984928703355824	tatct[GAta]agata	0	0	0									0	0	0	0	0	0	0	0	1	0	0	0	1	0	0	0
84933	control	107246	C	tgtagatggttctttaatagtgtcattaggagttaggccaatagaaataTCattaagttcactagaatatccagaatgtttcaaagcaattgtattattga	23	0	1	1	1	4	20	1.6	-30.4	33.6	1.600000023841858	-30.4	33.600000047683714	0.8859860988913784	Catt[aagttcactagaatatccag]aatg	0	0	0	0.0								1	16	4	2.4999999999999996	-23.500000000000004	28.500000000000004	2.200000047683716	-23.5	27.90000009536743	0.9468570917783355	ataT[Cattaagttcactaga]atat	0	0	0	0	0	0	0	0	1	0	0	0	1	0	0	0
88708	case	88708	G	agatatcaagtacgtatatttagaaaatactggaaaaatttataaaaatTCtttttccgaagaccataacaacagtctatctgattggggtaaagttatta	155	0	0	1	1	4	6	0.3999999999999999	-15.8	16.6	0.1000000014901161	-15.8	16.000000002980233	0.5551349187801439	tctt[cggaaa]aaGA	1	3	5	-1.1999999999999995	-11.5	9.1	-0.6000000238418579	-11.5	10.299999952316284	0.9815998311686368	aaaaa[GAa]ttttt	0	0	0									0	0	0	0	0	0	0	0	0	0	0	1	0	0	0	1
88708	control	165357	C	aacagataaatggaaatacgaaaatccatgcaagaaaatgtgcacagttTCtgattatgtctctgaactatatgataagccattatacgaagtgaattcca	155	0	0	1	1	5	10	-0.6999999999999993	-23.8	22.4	-0.699999988079071	-23.8	22.40000002384186	0.0465513881935996	agaaa[atgtgcacag]ttTCt	0	0	0	0.0								1	16	4	0.8999999999999995	-27.100000000000005	28.90000000000001	0.800000011920929	-27.1	28.70000002384186	0.4574447231894534	agtt[TCtgattatgtctctg]aact	0	0	0	0	0	0	0	0	0	0	0	1	0	0	0	1
92160	case	92160	G	aaagtctatcgtaaagttttttgtttttgcttgaataagattgactaatTCtagtcggatagaggatccatatttcttgtaatccaaaaatatatgacgtt	56	0	0	1	1	4	6	0.7000000000000002	-15.6	17.0	0.699999988079071	-15.6	16.999999976158144	0.6471039861634879	tcta[tccgac]taGA	1	4	5	-1.6999999999999995	-13.7	10.3	-1.7000000476837158	-13.7	10.299999904632568	0.9867320126835094	gacta[GAat]tagtc	0	0	0									0	0	0	0	0	0	0	0	0	0	0	1	0	0	0	1
92160	control	14979	C	tgtcgcgtatttctctacaatattaataccatttttgatactatttattTCtatacctttcgaaattagtaatttcaataagtctatatcgatgttatcag	56	0	0	1	1	5	10	-0.3999999999999994	-20.8	20.0	-0.4000000059604645	-20.8	19.99999998807907	0.3436939166759852	attTC[tatacctttc]gaaat	0	0	0	0.0								1	16	4	1.6999999999999995	-24.3	27.7	1.7000000476837158	-24.3	27.700000095367432	0.3164418035351449	attt[attTCtatacctttcg]aaat	0	0	0	0	0	0	0	0	0	0	0	1	0	0	0	1
92444	case	92444	G	agattttccagatccagacctactatatcttgtttaggcaacataaaagTCtttataggtgcgttaataggtggagaaagaattacattctctggagaagc	0	0	0	1	1	4	1	-2.3	-8.3	3.700000000000001	100000.0	-8.3	200008.3	0.9822011710101424	aaaG[A]cttt	1	4	5	-0.6000000000000001	-12.3	11.1	-0.6000000238418579	-12.3	11.099999952316283	0.978992063947586	ataaa[GAct]tttat	0	0	0									0	0	0	0	0	0	0	0	0	0	0	1	0	0	1	0
92444	control	178659	G	tttatgcgagagcctggatttatagttccagttcagaagttaggtaatgTCttccatatattattgacagcgcgtatctcataactttatttgaaatattt	0	0	0	1	1	4	14	-0.4000000000000003	-23.200000000000003	22.4	-0.4000000059604645	-23.2	22.39999998807907	0.5133080105962976	tgtc[aataatatatggaa]GAca	0	0	0	0.0								1	11	4	1.7999999999999998	-18.1	21.700000000000003	1.600000023841858	-18.1	21.300000047683717	0.9756722771747716	taat[atatggaaGAc]atta	0	0	0	0	0	0	0	0	0	0	0	1	0	0	1	0
93003	case	93003	G	agaaccatattctttaggaaagcctttatcgttggtaaatttcttatacTCtataaagatagacgactctccaaagataattggttcactggacatgtacc	56	0	0	1	1	5	4	-0.9000000000000008	-12.4	10.599999999999998	-1.2000000476837158	-12.4	9.999999904632569	0.1203879262451722	tctat[cttt]ataGA	1	3	5	-0.1	-10.5	10.3	0.3000000119209289	-10.5	11.100000023841858	0.9797640261242364	ttata[GAg]tataa	1	10	4	0.6000000000000001	-16.7	17.9	0.5	-16.7	17.7	0.8751651185540883	tctt[tataGAgtat]aaga	0	0	0	0	0	0	0	0	0	0	0	1	0	1	0	0
93003	control	159289	G	agatagtattatgtctatagtcgattcactatctgtatttacaatcaacTCtatggagtattcttcataatctactttatcagtatcatttgtagtcgatg	56	0	0	1	1	4	4	-1.4	-13.1	10.3	-1.399999976158142	-13.1	10.300000047683715	0.0978698543928225	actc[cata]GAgt	0	0	0	0.0								0	0	0									0	0	0	0	0	0	0	0	0	0	0	1	0	1	0	0
93376	case	93376	G	acggccctctagttcgtttattagtaaaataactaacttctggatttaaTCtaaatttatcgttgttggcagcgtattgatgtccaacatccgatagttta	26	0	0	1	1	4	1	-2.2	-7.000000000000002	2.6000000000000014	100000.0	-7.0	200007.0	0.8533562766118984	GAtt[a]aatc	1	3	5	-0.6000000000000001	-10.5	9.3	-0.1000000014901161	-10.5	10.299999997019768	0.9962104712530988	attta[GAt]taaat	0	0	0									0	0	0	0	0	0	0	0	0	0	0	1	1	0	0	0
93376	control	51059	G	gtatatacctagccaacgcaaggtgtttggtattatctgtatagacgtaTCtgaataatgtgtgtttagtaatatcaaactgtgtgtttttaaaccagaat	26	0	0	1	0	0	0									0	0	0	0.0								1	18	5	1.4	-28.9	31.700000000000003	1.2999999523162842	-28.9	31.499999904632567	0.6628210985419081	attat[tcaGAtacgtctatacag]ataat	0	0	0	0	0	0	0	0	0	0	0	1	1	0	0	0
95650	case	95650	C	atcaccaaattttacaaaaaaatcaattaaggagatagcttcatctataTCtagattaaccggagtaattgattataaaggttataaccttaatataatag	155	0	0	1	1	5	10	-0.2999999999999989	-20.800000000000004	20.200000000000006	-0.3000000119209289	-20.8	20.199999976158143	0.5930296523577154	agata[gcttcatcta]taTCt	1	4	5	-0.9999999999999996	-12.2	10.200000000000005	-1.0	-12.2	10.2	1.0	atcta[taTC]tagat	0	0	0									0	0	0	0	0	0	0	0	0	0	0	1	1	0	0	0
95650	control	118695	G	aatcttcaatgatgagattataaactttactatttctatgcgatatcaaTCtcttattcctagactggtagatttctttccagatataccagtaaacaata	155	0	0	1	1	5	17	0.2000000000000001	-29.700000000000006	30.10000000000001	0.2000000029802322	-29.7	30.100000005960464	0.5528348670997942	aatct[accagtctaggaataag]aGAtt	0	0	0	0.0								0	0	0									0	0	0	0	0	0	0	0	0	0	0	1	1	0	0	0
96289	case	96289	G	tacacagtttgacacctcgataataaaatcttgaatagccgttaaataaTCtatttcgtctagacacgcgtctaaatctacatccatgaaaattctgacta	23	0	0	1	1	5	12	0.2999999999999998	-22.5	23.1	0.0	-22.5	22.5	0.459603442635394	aataG[Attatttaacgg]ctatt	1	3	5	-0.6000000000000001	-10.5	9.3	-0.1000000014901161	-10.5	10.299999997019768	0.979256427431214	aaata[GAt]tattt	0	0	0									0	0	0	0	0	0	0	0	0	0	0	1	1	0	0	0
96289	control	32857	C	gatattagcctttacagatatattcatagtagtcgtaacgatgactccaTCttttagatgtgatactcctttgtatgtaccagaatcttcgtacctcaaac	23	0	0	1	1	5	3	-1.8000000000000005	-12.6	9.0	-1.600000023841858	-12.6	9.399999952316284	0.0724330024564345	caTCt[ttt]agatg	0	0	0	0.0								0	0	0									0	0	0	0	0	0	0	0	0	0	0	1	1	0	0	0
98122	case	98122	G	agataccaacagagtacctattttgagatagaatgcaaagtccggaatcTCttccggtgtaggatatagtttcataataggaatatgatattttttgtacc	56	0	0	1	1	5	17	0.1999999999999993	-33.0	33.4	0.1000000014901161	-33.0	33.20000000298023	0.4538859846230285	GAgat[tccggactttgcattct]atctc	1	4	6	-5.299999999999999	-21.300000000000004	10.700000000000006	-5.300000190734863	-21.3	10.699999618530274	0.9987579857593112	ccggaa[GAga]ttccgg	0	0	0									0	0	0	0	1	1	1	1	0	0	0	1	0	1	0	0
98122	control	138080	C	ggggaaaagagttccgtccatttaaagtacagattttagaaactgacacTCtgtgttatttatatttggcgcaatacatggattataaatatcgatgttaa	56	0	0	1	1	5	16	-0.7000000000000002	-30.2	28.799999999999997	-0.699999988079071	-30.2	28.800000023841857	0.675823698052431	acaga[ttttagaaactgacac]TCtgt	0	0	0	0.0								1	3	4	-1.8000000000000005	-13.0	9.4	-0.8999999761581421	-13.0	11.200000047683716	0.9975672120526464	acac[TCt]gtgt	0	0	0	0	0	0	0	0	0	0	0	1	0	1	0	0
105613	case	105613	G	cctcagcgcacgcaataaactgttcaaacgtgaacgagatgctattaaaTCtaataatcatctcactgaaaacaatctatacattagcgattataagatgt	155	0	0	1	1	4	8	0.5	-16.1	17.1	0.4000000059604645	-16.1	16.90000001192093	0.5862684689612763	aGAt[ttaatagc]atct	1	4	5	-0.2000000000000001	-10.7	10.3	-0.2000000029802322	-10.7	10.299999994039537	0.9907588763793788	tatta[GAtt]taata	1	7	4	1.3000000000000005	-12.0	14.6	1.2999999523162842	-12.0	14.599999904632568	0.9600795475479073	atta[ttaGAtt]taat	0	0	0	0	0	0	0	0	0	0	0	1	1	0	0	0
105613	control	130380	C	cttttgttcatcagacgttccggaaagaggtcctcaggtaggtttagtaTCtcaattgtctgtcttgagttccattacaaatatactaacgtctgagtatt	155	0	0	1	1	5	9	-1.0999999999999996	-22.100000000000005	19.90000000000001	-1.100000023841858	-22.1	19.89999995231629	0.229440017005906	Ctcaa[ttgtctgtc]ttgag	0	0	0	0.0								0	0	0									0	0	0	0	0	0	0	0	0	0	0	1	1	0	0	0
107042	case	107042	C	attcttaaccatatatccaataaagctcaattcaggaacataaacaaatTCtttgttgaacgtttcaaagtcgaacgaagagtcacgaataacgatatcgg	56	0	0	1	1	5	10	-0.5999999999999996	-23.1	21.9	-1.2999999523162842	-23.1	20.500000095367433	0.6938528525459811	Ctttg[ttgaacgttt]caaag	1	3	6	-2.8000000000000003	-15.300000000000004	9.700000000000005	-2.5	-15.3	10.3	0.999748100366798	aacaaa[tTC]tttgtt	1	13	4	0.4000000000000003	-21.7	22.5	0.4000000059604645	-21.7	22.50000001192093	0.9998471225783212	aaca[taaacaaatTCtt]tgtt	0	0	0	0	0	0	0	0	0	0	0	1	0	0	0	1
107042	control	66285	G	gagtgttagattaaacttattagcgtacaatatataattatgtagaaatTCtgaatctattcgctgtatagatttcatataagacagatcatagaaatata	56	0	0	1	1	4	1	-2.2	-8.200000000000001	3.8000000000000007	100000.0	-8.2	200008.2	0.9923731523280024	attc[a]GAat	0	0	0	0.0								1	9	4	0.6999999999999997	-16.600000000000005	18.000000000000004	0.699999988079071	-16.6	17.999999976158144	0.7867348732527388	taga[ttcaGAatt]tcta	0	0	0	0	0	0	0	0	0	0	0	1	0	0	0	1
108673	case	108673	C	ataatttctccagaacattgatgagacaataatctccgcaatacatttcTCaaatgaataagtttattagacacgtggaagtttgactttttttgtacctt	0	1	0	1	0	0	0									1	3	5	-1.2000000000000006	-13.2	10.8	-1.0	-13.2	11.2	0.998688377849545	cattt[cTC]aaatg	0	0	0									0	0	0	0	0	0	0	0	1	0	0	0	0	1	0	0
108673	control	6507	C	attatcatagtctattaaacacaaatcatctacgtttataacaacattcTCattattaattagttctgtagaatatctttaataatttggctatacatctg	0	1	0	1	0	0	0									0	0	0	0.0								1	11	4	1.4	-19.0	21.8	1.399999976158142	-19.0	21.799999952316284	1.0	ataa[caacattcTCa]ttat	0	0	0	0	1	1	1	1	1	0	0	0	0	1	0	0
117590	case	117590	C	gcgcagaaaatatcttctcctgtaatatctccactctcgataaatctacTCagattattcttaaatgccttattctctggagaaaagatatcagtgtccat	0	1	0	1	0	0	0									1	4	5	-1.3000000000000005	-14.1	11.5	-1.5	-14.1	11.1	1.0	aatct[acTC]agatt	1	11	4	1.2999999999999998	-18.1	20.700000000000003	1.2999999523162842	-18.1	20.69999990463257	1.0	ataa[atctacTCaga]ttat	0	0	1	1	0	0	1	1	1	0	0	0	0	1	0	0
117590	control	194812	C	acgactcacaatagaatctgtgaatgctctccaggatattattgtcttcTCaaaggagcatcagggtgtagaacatgtatttctaaaacaaagtgtggaat	0	1	0	1	0	0	0									0	0	0	0.0								1	19	4	1.6000000000000003	-33.9	37.1	1.2999999523162842	-33.9	36.49999990463257	0.441621124183788	ttcT[Caaaggagcatcagggtgt]agaa	0	0	1	1	0	0	1	1	1	0	0	0	0	1	0	0
119494	case	119494	G	actctgaatatctatttcgtatagtttctaccgttcttccacatctatgTCtagattacaaagtatgtgaccaacttaaaacaaccttcgttcatccgttc	0	0	0	1	0	0	0									1	4	5	-1.2999999999999994	-13.6	11.000000000000004	-1.2999999523162842	-13.6	11.000000095367431	0.9972661817826248	atcta[GAca]tagat	1	20	5	-0.3000000000000007	-33.1	32.5	-0.3000000119209289	-33.1	32.49999997615814	0.9724241563591494	cacat[actttgtaatctaGAcatag]atgtg	0	0	0	0	0	0	0	0	0	0	0	1	0	0	1	0
119494	control	99453	G	ccaccatatgtagaattagagaagtatataaagtgttttcccttgagtgTCtgtatccgattgataaagtacttaaatttggaactaatgtttaacgttac	0	0	0	1	0	0	0									0	0	0	0.0								0	0	0									0	0	0	0	0	0	0	0	0	0	0	1	0	0	1	0
120391	case	120391	G	cacatcgataatttctgaagtgatatcggtactcagtcctttgatttctTCaaatccgagttttagcaatgcctgctcaataatgtttatgacaataataa	56	1	0	1	1	5	5	-2.0	-15.1	11.1	-2.0	-15.1	11.1	0.0528869160965517	tttGA[agaaa]tcaaa	1	4	5	-1.3000000000000005	-13.800000000000002	11.200000000000005	-1.2000000476837158	-13.8	11.399999904632567	0.9728685831396836	gattt[GAag]aaatc	0	0	0									0	0	0	0	0	0	0	0	1	0	0	0	0	0	0	1
120391	control	169874	G	ggaatcactattactactggtattaataacaagtgcttctctaatatatTCactgggatgattcttgttaatgtttttattattttcaatttctacatttt	56	1	0	1	1	4	15	0.2999999999999998	-24.9	25.5	0.0	-24.9	24.9	0.4730751787959388	agtG[Aatatattagagaag]cact	0	0	0	0.0								0	0	0									0	0	0	0	0	0	0	0	1	0	0	0	0	0	0	1
125400	case	125400	G	gcatgtggatcgtctcttaaacttcttaacgattttgcgagttaaatatTCtatttaatacacgttcttctctggaggatgttggtacggaagcgggttca	26	0	0	1	0	0	0									1	3	7	-2.2999999999999994	-13.7	9.1	-1.7000000476837158	-13.7	10.299999904632568	0.9945396152748714	ttaaata[GAa]tatttaa	1	6	4	1.2000000000000002	-10.7	13.1	1.2000000476837158	-10.7	13.100000095367433	0.9685170490024232	tatt[aaataG]Aata	0	0	0	0	0	0	0	0	0	0	0	1	0	0	0	1
125400	control	123433	C	tataaggtttgttgcaggtatactgttcaggaatgggtacatttatactTCttttatagtcctgtctttcgatgttcatcacaaatgcaaagaacagaata	26	0	0	1	0	0	0									0	0	0	0.0								1	7	4	1.8000000000000005	-12.5	16.1	1.7999999523162842	-12.5	16.09999990463257	1.0	tata[ctTCttt]tata	0	0	0	0	0	0	0	0	0	0	0	1	0	0	0	1
130239	case	130239	C	agacggtagttatcgaacacatcctcactattcatggatgcagaatattTCtattcctagaagtgttggattttatccggatcaagtaaagatttcaaaga	155	0	0	1	1	5	4	-1.0999999999999992	-13.7	11.500000000000004	-1.100000023841858	-13.7	11.499999952316283	0.1728604082089516	tTCta[ttcc]tagaa	1	4	5	-0.6999999999999997	-12.1	10.700000000000005	-0.699999988079071	-12.1	10.700000023841858	0.8780018785154602	gaata[ttTC]tattc	0	0	0									0	0	0	0	0	0	0	0	0	0	0	1	0	0	0	1
130239	control	138604	G	cgttaatgacttaatgactatgaacatagtcaactttttcggatgtaatTCtaggttagaatcataccatcggttcgatatgacaaaagtagatgttgaac	155	0	0	1	1	6	3	-1.9999999999999996	-14.700000000000005	10.700000000000005	-1.7000000476837158	-14.7	11.299999904632568	0.0423275222183424	attcta[acc]taGAat	0	0	0	0.0								0	0	0									0	0	1	1	0	0	1	1	0	0	0	1	0	0	0	1
136563	case	136563	C	atcatcatcatcatcatcatcatcatcatcatcatcatcatctatgataTCatcatcttcgatatttattttgctatcttgataatgtcctatatcagttg	23	0	1	1	1	5	0	-3.6000000000000005	-8.370000000000001	1.17	100000.0	-8.8	200008.8	0.8178143376312393	atgat[]aTCat	1	3	5	-1.4000000000000008	-12.500000000000002	9.7	-1.2000000476837158	-12.5	10.099999904632568	0.9733602629374196	atgat[aTC]atcat	0	0	0									0	0	1	1	0	0	1	1	1	0	0	0	1	0	0	0
136563	control	146430	C	ttttaaataaatgtccactatacattcttctgttaattttactagatcaTCatgagtcatagaattcataggttccgtagtccatggatccaaactagcaa	23	0	1	1	0	0	0									0	0	0	0.0								1	1	4	-2.6999999999999997	-9.2	3.8000000000000016	100000.0	-9.2	200009.2	1.0	tcaT[C]atga	0	0	0	0	1	1	1	1	1	0	0	0	1	0	0	0
144401	case	144401	G	tttatccgtagatatacaacagagtttcataaaaagagaaaagaatgaaTCcattcagtacagtatttgataatagcttttttatgatgtatttagagatg	23	0	0	0	0	0	0									1	4	5	-1.7999999999999994	-14.7	11.1	-2.0999999046325684	-14.7	10.500000190734864	0.990347672038172	gaatg[GAtt]cattc	1	2	5	-4.2	-13.000000000000002	4.600000000000001	100000.0	-13.0	200013.0	0.9922835729886562	tgaat[gG]Attca	0	0	0	0	0	0	0	0	0	1	0	0	1	0	0	0
144401	control	42860	C	atctatttgagaaaacatttttatcatgttcaatagttgaaacgtcggaTCcactatatagatattatctataaagattttaggaactatgttcatggtat	23	0	0	0	0	0	0									0	0	0	0.0								1	15	5	0.6000000000000005	-30.3	31.5	0.5	-30.3	31.3	0.5421899838727499	atagt[tgaaacgtcggaTCc]actat	0	0	0	0	0	0	0	0	0	1	0	0	1	0	0	0
147459	case	147459	G	tgaaatctaaaaatcgatgagctgtatgtcaataccggcattattgacaTCgtcaatatggatattatccatttcatcatcatttaaaattgacactacat	0	0	0	0	0	0	0									1	3	7	-4.299999999999999	-18.3	9.700000000000005	-3.299999952316284	-18.3	11.700000095367432	0.9994366356319624	tattgac[GAt]gtcaata	0	0	0									0	0	1	3	1	2	1	5	0	0	1	0	1	0	0	0
147459	control	70252	C	gttaccggatttatggaagaagaaataaaggcagaaatgcaattaaaaaTCgataaactcacatttcaaatatatttatctgattatgataacataaaaat	0	0	0	0	0	0	0									0	0	0	0.0								1	12	4	1.4999999999999996	-21.5	24.5	1.5	-21.5	24.5	1.0	aaaT[Cgataaactcac]attt	0	0	0	0	0	0	0	0	0	0	1	0	1	0	0	0
148319	case	148319	G	gaagaatcagaataagtatttttttaaaaaaaataatcgattagtggtaTCaccactacaagagtaccgtaaataaaaagtatttaatacttatttttata	0	0	1	1	0	0	0									1	3	7	-5.1	-19.3	9.1	-4.599999904632568	-19.3	10.100000190734864	0.9946144983195018	tagtggt[GAt]accacta	1	15	4	0.5999999999999996	-27.5	28.7	0.6000000238418579	-27.5	28.700000047683716	0.9094607264999336	ggta[ctcttgtagtggtGA]tacc	0	0	1	1	0	0	1	1	1	0	0	0	1	0	0	0
148319	control	98898	G	atgggagatccagacaatagtagaaaaggaatcttgtttttattttttaTCacggtcataagttctccagtattattcccaaaaatattatgtgcctcatc	0	0	1	1	0	0	0									0	0	0	0.0								1	7	4	1.2000000000000002	-16.400000000000002	18.800000000000004	1.2999999523162842	-16.4	18.999999904632567	0.9384631895047711	ttat[gaccgtG]Ataa	0	0	0	0	0	0	0	0	1	0	0	0	1	0	0	0
151659	case	151659	G	taatagattaactatatgatcattataggtttttttacgagttagatagTCatctatcatctttccagtgactgtggatcgctgaggaaagttaagatatt	23	0	1	1	1	5	16	-1.0	-30.6	28.6	-1.0	-30.6	28.6	0.2217481243231293	agtca[ctggaaagatgataga]tGAct	1	4	5	-1.2000000000000006	-13.300000000000002	10.900000000000002	-1.2000000476837158	-13.3	10.899999904632567	0.9830924021127224	tagat[GAct]atcta	1	4	5	-1.2000000000000006	-13.600000000000003	11.200000000000005	-1.7000000476837158	-13.6	10.199999904632568	0.9928225895318912	gatag[atGA]ctatc	0	0	0	0	0	0	0	0	1	0	0	0	0	0	1	0
151659	control	93759	G	tgtagcataatgtcttggatgaaaagaataatgaatagcgaactgccagTCaatgatattaaactttccaaaatagaatacttctctgacactagagacaa	23	0	1	1	0	0	0									0	0	0	0.0								1	19	4	2.6000000000000005	-32.800000000000004	38.00000000000001	2.5999999046325684	-32.8	37.999999809265134	0.7810996324265065	aata[tcattGActggcagttcgc]tatt	0	0	0	0	0	0	0	0	1	0	0	0	0	0	1	0
152437	case	152437	G	gttatccttataaaagctcataaacttgttaactatacaatcgataattTCattatcgtctaatgaattaatcaactcgttctgatagatctcttgatcta	0	1	0	1	1	7	5	-3.3999999999999995	-20.0	13.2	-3.4000000953674316	-20.0	13.199999809265137	0.0098245794710044	ttcatta[gacga]taatGAa	1	3	7	-4.0	-17.6	9.6	-3.5	-17.6	10.6	0.9960430813789718	cgataat[GAa]attatcg	1	16	5	1.3999999999999997	-26.0	28.799999999999997	1.100000023841858	-26.0	28.200000047683716	0.0074656103025896	taatt[cattagacgataatGA]aatta	0	0	0	0	1	2	1	2	1	0	0	0	0	0	0	1
152437	control	8142	C	tatctaaacaatacttctgcctctagatgggatacaaaaattttttattTCagcatattaaagtaaaatctagttaccttgaaaatgaatacagtgggtgg	0	1	0	1	0	0	0									0	0	0	0.0								1	11	4	1.5	-18.300000000000004	21.300000000000004	1.5	-18.3	21.3	1.0	ttta[ttTCagcatat]taaa	0	0	0	0	0	0	0	0	1	0	0	0	0	0	0	1
153714	case	153714	C	gatggattcgatatgacagacattccattgtatgaacgaagatcttttcTCaaagatgttatggtcgaaatacccaatagaatagtattctcagagttgac	0	1	0	1	0	0	0									1	4	6	-2.3000000000000003	-16.4	11.799999999999995	-2.4000000953674316	-16.4	11.599999809265135	0.999143787491922	atcttt[tcTC]aaagat	1	17	4	1.3000000000000005	-28.8	31.4	1.2999999523162842	-28.8	31.39999990463257	0.6589573125150328	tttc[TCaaagatgttatggtc]gaaa	0	0	0	0	0	0	0	0	1	0	0	0	0	1	0	0
153714	control	130396	G	ttcttttccaaatccaaatactcagacgttagtatatttgtaatggaacTCaagacagacaattgagatactaaacctacctgaggacctctttccggaac	0	1	0	1	1	5	9	-1.0999999999999996	-22.100000000000005	19.90000000000001	-1.100000023841858	-22.1	19.89999995231629	0.1151031866208621	ctcaa[ttgtctgtc]ttGAg	0	0	0	0.0								1	17	4	1.1000000000000003	-29.5	31.700000000000003	0.800000011920929	-29.5	31.100000023841854	0.5852676861249665	ttgt[ctgtcttGAgttccatt]acaa	0	0	0	0	0	0	0	0	1	0	0	0	0	1	0	0
154098	case	154098	G	actaccaaccactctggaatttttttgggatccttgttaattttaaccaTCgttaattggtcttgcaaaacccttaacgtattatcatcgtgaccggaaca	0	0	0	0	1	6	17	-1.5999999999999988	-36.1	32.900000000000006	-1.600000023841858	-36.1	32.899999952316286	0.0366142458613408	cgttaa[gggttttgcaagaccaa]ttaacG	1	4	5	-1.5000000000000004	-14.7	11.7	-1.5	-14.7	11.7	0.9965622327463152	ttaac[GAtg]gttaa	1	8	4	-1.2000000000000002	-18.7	16.299999999999997	-1.2000000476837158	-18.7	16.299999904632568	0.884992403029146	acca[attaacGA]tggt	0	0	1	1	0	0	1	1	0	0	1	0	1	0	0	0
154098	control	21068	C	atttctagtactttagattcattgttatccattgcagaggacgtcatgaTCgaatccaaaaaaatatattatttttatgttattttgttaaaaataatcat	0	0	0	0	0	0	0									0	0	0	0.0								0	0	0									0	0	0	0	0	0	0	0	0	0	1	0	1	0	0	0
158951	case	158951	C	cactttttatactaatatgacacaattaccaatacttttgttactaataTCattagtatacgctacaccttctcctcagacatctaaaaaaataggtgatg	145	0	1	1	0	0	0									1	3	7	-2.600000000000001	-14.900000000000002	9.7	-2.4000000953674316	-14.9	10.099999809265135	0.9987192110153168	tactaat[aTC]attagta	1	18	5	0.8999999999999995	-26.9	28.699999999999996	0.800000011920929	-26.9	28.500000023841856	0.968180387463755	atact[tttgttactaataTCatt]agtat	0	0	0	0	0	0	0	0	1	0	0	0	1	0	0	0
158951	control	144120	C	taagtggtattccattataactatcgacgataagcaatatcctattccaTCaaattgtataggtatgtcttctgccaagtacataaattcgagcatcgagc	145	0	1	1	0	0	0									0	0	0	0.0								1	13	5	-0.1000000000000005	-24.9	24.700000000000003	-0.2000000029802322	-24.9	24.499999994039538	0.9341497798993172	cctat[tccaTCaaattgt]atagg	0	0	0	0	0	0	0	0	1	0	0	0	1	0	0	0
163238	case	163238	C	tttaactaactaactaactaactaactcttatatactattaataatacaTCtattaatcattgattagcttattgctttaattgtttttgtaaactaacac	0	0	0	1	0	0	0									1	4	5	0.0999999999999996	-11.6	11.8	0.1000000014901161	-11.6	11.800000002980232	1.0	taata[caTC]tatta	1	17	4	2.2	-23.500000000000004	27.90000000000001	2.200000047683716	-23.5	27.90000009536743	0.8980462961166039	taat[acaTCtattaatcattg]atta	0	0	0	0	0	0	0	0	0	0	0	1	1	0	0	0
163238	control	147113	G	tttagaatattatgattagtgatgaggggaataacttcacccggattaaTCtttgcaaatgttctgttaggaatagccgctagaacattctttgtagtctt	0	0	0	1	1	4	0	-2.2	-5.570000000000001	1.1700000000000008	100000.0	-6.0	200006.0	0.9572277636824428	GAtt[]aatc	0	0	0	0.0								0	0	0									0	0	0	0	0	0	0	0	0	0	0	1	1	0	0	0
165305	case	165305	G	aactgtgcacattttcttgcatggattttcgtatttccatttatctgttTCacagacagcatttggatccaaagaatgatatcctgaatcacatgtaaacg	56	1	0	1	0	0	0									1	3	5	-2.6	-14.800000000000002	9.6	-2.0999999046325684	-14.8	10.600000190734864	0.9946540086967822	tctgt[GAa]acaga	1	7	4	-0.1999999999999993	-17.7	17.3	-0.5	-17.7	16.7	0.9735138798988912	ctgt[ctgtGAa]acag	0	0	0	0	0	0	0	0	1	0	0	0	0	0	0	1
165305	control	176886	G	ctctataaatgcgtctataatcttttcattatagtatcggataccatatTCaatattatgatatacaaatttacacaaatatttgtgtaatggagttcgca	56	1	0	1	0	0	0									0	0	0	0.0								1	1	5	-2.4	-8.6	3.8	100000.0	-8.6	200008.6	0.9868966365772782	atatt[G]Aatat	0	0	0	0	0	0	0	0	1	0	0	0	0	0	0	1
165534	case	165534	G	tagtcatatattccccaaatgagtatttttctttaactggttgacacgaTCcgtgttctaattgaagaggttgacattccgcattaggacacgtgacagta	98	0	0	0	0	0	0									1	3	5	-3.6	-17.300000000000004	10.100000000000003	-3.0999999046325684	-17.3	11.100000190734864	0.999718338844718	acacg[GAt]cgtgt	0	0	0									0	0	0	0	0	0	0	0	0	1	0	0	1	0	0	0
165534	control	140902	C	ttttaactagtgtagaaaacagagatagtaaatagatagtttttccagaTCcagatcctcctgttaaaaccattctaaacggcatttttaataaattttct	98	0	0	0	1	4	2	-3.3	-10.6	4.000000000000002	100000.0	-10.6	200010.6	1.0	gaTC[ca]gatc	0	0	0	0.0								0	0	0									0	0	0	0	0	0	0	0	0	1	0	0	1	0	0	0
166723	case	166723	G	ctgcacctattacaaataaaaacgttattagttttttatacatttaaaaTCttaaaattttaactagtatatcgaaataattatttatacaaactaactag	0	0	0	1	0	0	0									1	4	5	-0.6999999999999997	-11.7	10.3	-0.699999988079071	-11.7	10.300000023841855	0.9848751909583544	tttaa[GAtt]ttaaa	1	6	7	-1.7999999999999998	-17.200000000000003	13.600000000000003	-1.899999976158142	-17.2	13.400000047683717	0.3965939421743909	ttaaaat[tttaaG]Attttaa	0	0	0	0	0	0	0	0	0	0	0	1	1	0	0	0
166723	control	80522	G	tctctactaattgattaatcagcgactgaaataacagatctatcggctaTCtctactccagttaccatgttattgcggaaaaatctaacaatttttaatgg	0	0	0	1	1	4	9	0.2999999999999998	-19.500000000000004	20.1	0.3000000119209289	-19.5	20.100000023841854	0.5462771548892922	aGAt[agccgatag]atct	0	0	0	0.0								0	0	0									0	0	0	0	1	2	1	2	0	0	0	1	1	0	0	0
168101	case	168101	G	ttagttatgaatatttagtcaagaatgctaagaaaagttgtaacatcatTCgatgtgctaccgagaaatttagtcaaataagattgagactgtttattaaa	0	0	0	0	1	5	19	0.200000000000001	-32.4	32.8	-0.1000000014901161	-32.4	32.199999997019766	0.4417600296935723	GAatg[atgttacaacttttcttag]cattc	1	4	5	-2.6999999999999997	-16.1	10.700000000000005	-2.700000047683716	-16.1	10.69999990463257	0.9984690840624209	acatc[GAat]gatgt	0	0	0									0	0	0	0	0	0	0	0	0	0	1	0	0	0	0	1
168101	control	190859	C	aataaaaacagttggttaattacttcaggctttagactacaaaaatggtTCgatagcgaagattgtataatttatctcagatctttagttagaagaatgga	0	0	0	0	1	4	4	-1.6	-14.3	11.1	-1.899999976158142	-14.3	10.500000047683717	0.0412389467886087	tTCg[atag]cgaa	0	0	0	0.0								1	20	5	0.2999999999999998	-35.400000000000006	36.00000000000001	0.3000000119209289	-35.4	36.00000002384186	0.0333445527835775	tacaa[aaatggtTCgatagcgaaga]ttgta	0	0	0	0	0	0	0	0	0	0	1	0	0	0	0	1
175890	case	175890	G	atcactctcactgttcataccagttctatcataatcatcataataatatTCattataattttcataatcgctagatgaataatattgatagtaaccgttgt	56	1	0	1	0	0	0									1	4	5	-0.5	-11.1	10.1	-0.5	-11.1	10.1	0.9736698536831476	ataat[GAat]attat	0	0	0									0	0	0	0	0	0	0	0	1	0	0	0	0	0	0	1
175890	control	76170	C	tagtgatatgtgattttttatcaaccactcaaaaaagtaattggagtgtTCatatcctctacgggctattgtctcatgaccgtgtatgaaatttaagtaac	56	1	0	1	0	0	0									0	0	0	0.0								0	0	0									0	0	0	0	0	0	0	0	1	0	0	0	0	0	0	1
181495	case	181495	C	tcatgacattcaattggagcatgtagaagacaataaagatagtgtagcaTCgctaccgtacaagtatctacaagtagtcaaacaaagagaacgtagtagat	145	0	0	0	0	0	0									1	3	5	-2.9	-15.900000000000002	10.1	-2.0999999046325684	-15.9	11.700000190734864	0.9984509754050158	gtagc[aTC]gctac	1	12	4	0.6999999999999997	-26.3	27.7	0.699999988079071	-26.3	27.699999976158143	0.9667690945387312	tgta[gcaTCgctaccg]taca	0	0	0	0	1	1	1	1	0	0	1	0	1	0	0	0
181495	control	62968	G	aaaagaattaagtattaatacgttcaatgttccggattctatacctataTCgataatttcgtttttcccattcgatacagattttatactagttattttgt	145	0	0	0	1	6	18	-1.7000000000000002	-34.199999999999996	30.799999999999997	-1.7000000476837158	-34.2	30.79999990463257	0.1018995715582621	tatcga[atgggaaaaacgaaatta]tcGAta	0	0	0	0.0								0	0	0									0	0	0	0	0	0	0	0	0	0	1	0	1	0	0	0
185653	case	185653	C	agtgagaaataaaaatatagactttggatataactatggagatattattTCtaatatggtttatctacaatctactagtcaggattatggagatggtacca	155	0	0	1	0	0	0									1	4	6	-0.8999999999999999	-12.500000000000002	10.700000000000005	-0.8999999761581421	-12.5	10.700000047683716	1.0	atatta[ttTC]taatat	1	3	4	0.6999999999999997	-8.2	9.599999999999998	0.8999999761581421	-8.2	9.999999952316283	1.0	tatt[TCt]aata	0	0	0	0	0	0	0	0	0	0	0	1	0	0	0	1
185653	control	170105	C	ttgttttgataacgatggtaagaaatggattatcggaaatactttatatTCtggtaattcaatactctataaggtcagaaaaaatttcactagttcgttct	155	0	0	1	0	0	0									0	0	0	0.0								1	10	4	1.7000000000000002	-17.6	21.0	1.7000000476837158	-17.6	21.000000095367433	1.0	tatT[Ctggtaattc]aata	0	0	0	0	0	0	0	0	0	0	0	1	0	0	0	1
188491	case	188491	C	cggtctgtgtcgccaccatggtcacaccgagcctctgcgtgctcctccaTCgaggacgacttcaactatgacagctcggtggcgtctgccagcgtgtacat	0	0	0	0	1	4	20	0.2000000000000001	-37.5	37.9	-0.3000000119209289	-37.5	36.89999997615814	0.6999008883664724	Cgag[gacgacttcaactatgacag]ctcg	1	4	5	-2.8000000000000003	-18.100000000000005	12.500000000000004	-2.799999952316284	-18.1	12.500000095367431	0.9993082239391828	tcctc[caTC]gagga	0	0	0									0	0	1	4	1	1	1	5	0	0	1	0	1	0	0	0
188491	control	72411	G	aaatatgctctcattaatctggtacaatataggattttgccaatgatcaTCggtgagcctattatagtagctggattttctggtaaagaaccaatttctga	0	0	0	0	0	0	0									0	0	0	0.0								0	0	0									0	0	0	0	0	0	0	0	0	0	1	0	1	0	0	0
188775	case	188775	C	tgaacatcccctgaatctgtacatactttgtggatttacactgttagaaTCtctaacgctggcctctgttgttactttctatgatgcacgtatcgttatgc	0	0	0	1	1	4	11	0.7999999999999998	-19.7	21.299999999999997	0.699999988079071	-19.7	21.09999997615814	0.6436214281647062	gatt[tacactgttag]aaTC	1	3	6	-2.4999999999999996	-14.700000000000005	9.700000000000005	-2.200000047683716	-14.7	10.299999904632568	0.996467907743292	gttaga[aTC]tctaac	0	0	0									0	0	0	0	0	0	0	0	0	0	0	1	1	0	0	0
188775	control	9430	C	aataccgatcggtaattgtctctgccgctgtaatagaattaattatataTCtattacaccggccttgtatcataataaagttgtggtagtatgatctccat	0	0	0	1	1	9	12	-4.699999999999999	-27.1	17.700000000000003	-4.699999809265137	-27.1	17.700000381469728	0.007412587857242	tgtaataga[attaattatata]TCtattaca	0	0	0	0.0								1	9	4	1.5999999999999996	-12.7	15.9	1.5	-12.7	15.7	1.0	taat[tatataTCt]atta	0	0	0	0	0	0	0	0	0	0	0	1	1	0	0	0
190278	case	190278	G	tatttgattcttacttattgtgggattgtagtttacttagtaattcatcTCtgaatcctgataaatcatgcatatcaatgatgcaactacgcagcaaacta	0	0	0	1	0	0	0									1	4	5	-1.9	-14.500000000000002	10.700000000000005	-1.899999976158142	-14.5	10.700000047683716	0.9984962436893958	attca[GAga]tgaat	0	0	0									0	0	0	0	0	0	0	0	0	0	0	1	0	1	0	0
190278	control	107695	G	tttacggaagctgttactttaaggaaaactcacaaattatagatatttcTCtacggagtttattgtaagctttttccattttaaatagaaaatgaataata	0	0	0	1	1	4	6	0.3999999999999999	-12.4	13.2	0.4000000059604645	-12.4	13.20000001192093	0.7947614817916219	taGA[gaaata]tcta	0	0	0	0.0								0	0	0									0	0	0	0	0	0	0	0	0	0	0	1	0	1	0	0
196084	case	196084	C	atcacgcgtgaagaagctctggctatgatcaaagactgtgagatgtctaTCgacatcagatgtagcgaagaagagaaagacagtgacatcaagacccatcc	0	0	0	0	0	0	0									1	4	6	-3.599999999999999	-18.1	10.9	-3.5999999046325684	-18.1	10.900000190734865	0.9946241730907304	gatgtc[taTC]gacatc	0	0	0									0	0	1	1	0	0	1	1	0	0	1	0	1	0	0	0
196084	control	162264	C	aatctttccacttccatatcagctctcctgaattccggtggcggcaccaTCgaggtaacatctaaggaagaacgtgtagattatgtactcatgaaacgttt	0	0	0	0	0	0	0									0	0	0	0.0								0	0	0									0	0	0	0	0	0	0	0	0	0	1	0	1	0	0	0
