position,nucleotide,context_pm50,grantham,third_nt,in_stem,stem_length,stem_loop_length,stem_pin_energy,stem_linear_energy,stem_nn_energy,stem_cruciform_hairpin_dG,stem_linear_duplex_dG,stem_cruciform_relative_dG,stem_hairpin_sequence,in_loop_boundary,loop_boundary_length,loop_boundary_stem_length,loop_boundary_pin_energy,loop_boundary_linear_energy,loop_boundary_nn_energy,loop_boundary_cruciform_hairpin_dG,loop_boundary_linear_duplex_dG,loop_boundary_cruciform_relative_dG,loop_boundary_hairpin_sequence,in_loop_other,loop_other_length,loop_other_stem_length,loop_other_pin_energy,loop_other_linear_energy,loop_other_nn_energy,loop_other_cruciform_hairpin_dG,loop_other_linear_duplex_dG,loop_other_cruciform_relative_dG,loop_other_hairpin_sequence,ds1_mutation,ds1_independent_events,ds2_mutation,ds2_independent_events,ds3_mutation,ds3_independent_events,any_mutation,total_independent_events,pred_class,pred_prob
1126,G,atcacgcgtgaagaagctctggctatgatcaaagactgtgagatgtctaTCgacatcagatgtagcgaagaagagaaagacagtgacatcaagacccatcc,0,G,0,0,0,,,,,,,,1,4,6,-4.0,-18.1,10.1,-4.0,-18.1,10.1,gatgtc[GAta]gacatc,0,0,0,,,,,,,,0,0,1,1,0,0,1,1,1,0.8515403270721436
13686,C,tttaatttgacacatatcagcaatttctttttcgcagtcggttatatatTCtatataagatggatacgtatcacatatgtacttatagtctactaatatga,56,T,0,0,0,,,,,,,,1,3,7,-1.4999999999999996,-12.7,9.7,-1.2000000476837158,-12.7,10.299999904632568,ttatata[tTC]tatataa,1,3,5,0.1999999999999997,-9.2,9.599999999999998,0.4000000059604645,-9.2,10.000000011920928,tatat[TCt]atata,0,0,1,2,0,0,1,2,1,0.50245201587677
14070,C,acaataataaagtatactacgtccatgtttatctattttgtttatatcaTCgatatacggcttacaaatttctagtatcgataacacttctgactcgtgaa,23,G,1,7,20,-2.2,-39.1,34.7,-2.200000047683716,-39.1,34.69999990463257,aTCgata[tacggcttacaaatttctag]tatcgat,1,3,6,-1.6999999999999995,-13.5,10.1,-0.8999999761581421,-13.5,11.700000047683716,tatatc[aTC]gatata,0,0,0,,,,,,,,0,0,0,0,0,0,0,0,1,0.18980593979358673
17437,C,ccatcgtaataccatgtttaagatagtatattctctagttactacgatcTCatcgttgtctagaatatcgcatactgaatctacatccaattttagaaatt,56,A,0,0,0,,,,,,,,1,3,5,-2.600000000000001,-16.0,10.799999999999995,-2.4000000953674316,-16.0,11.199999809265137,acgat[cTC]atcgt,1,18,4,0.6999999999999993,-31.200000000000003,32.6,0.4000000059604645,-31.2,32.00000001192093,cgat[cTCatcgttgtctagaat]atcg,0,0,0,0,1,1,1,1,1,0.77083420753479
17771,G,atcatggatatgaacaggttaaatcttgataaactaaaacacgaaaataTCttttctgataatattatagaggatgccaaagagttcatctttggatctag,0,T,1,4,6,0.4000000000000003,-13.0,13.8,0.4000000059604645,-13.0,13.800000011920927,tatc[agaaaa]GAta,1,4,5,-1.4999999999999996,-12.6,9.6,-1.5,-12.6,9.6,gaaaa[GAta]ttttc,1,11,5,0.6000000000000001,-19.3,20.5,0.5,-19.3,20.3,aatat[tatcagaaaaG]Atatt,0,0,0,0,0,0,0,0,0,0.11242484301328659
22616,G,ctgatccaacaaagattaatccccattacttacaccccaagaataaataTCtttatcataattctgagtatagtatgcgtggtagttatggagtgacattt,22,T,1,4,7,0.2000000000000006,-13.1,13.500000000000004,0.2000000029802322,-13.1,13.500000005960464,aaGA[tatttat]tctt,1,4,5,-0.6999999999999997,-11.0,9.6,-0.699999988079071,-11.0,9.600000023841858,ataaa[GAta]tttat,1,16,5,0.3999999999999994,-24.4,25.200000000000003,0.3000000119209289,-24.4,25.000000023841856,agaat[tatgataaaGAtattt]attct,0,0,0,0,0,0,0,0,0,0.0743228942155838
23353,C,gagttcctcgtttttgctaattatttcgtccaatttattattcttgacaTCgtcaagatcttttgtataggagtcagacttgtattcaacatgtttttcta,23,G,0,0,0,,,,,,,,1,3,7,-5.199999999999999,-20.5,10.1,-4.400000095367432,-20.5,11.699999809265137,tcttgac[aTC]gtcaaga,0,0,0,,,,,,,,0,0,1,3,1,2,1,5,1,0.992131769657135
24645,G,tctcaattagggaataaaatgtacaatcttaaactccctagattttctaTCgaaaacaagagggatattaagtcgatagccgaaatgatggctcctagtat,0,G,1,7,19,-2.499999999999999,-37.6,32.6,-2.5,-37.6,32.6,ctatcga[cttaatatccctcttgttt]tcGAtag,1,4,5,-1.9,-13.9,10.1,-1.899999976158142,-13.9,10.100000047683716,ttttc[GAta]gaaaa,0,0,0,,,,,,,,0,0,0,0,1,1,1,1,1,0.13221131265163422
29727,C,ttaacaaatctaactggtgagttaatattcatgttgaacataaaaaataTCattttatttcaaaattatttaccattccattccatcccatatattccatg,10,A,0,0,0,,,,,,,,1,3,5,-0.6999999999999997,-11.1,9.7,-0.5,-11.1,10.1,aaaat[aTC]atttt,1,6,4,0.5,-12.1,13.1,0.5,-12.1,13.1,aaaa[ataTCa]tttt,0,0,0,0,0,0,0,0,1,0.2401299774646759
29887,C,cctatcaatagcagtttattatccactatgatcaattctggattatcccTCggataaataggatcatctatcagagtccatgtattgctggattcacaata,0,G,0,0,0,,,,,,,,1,3,6,-2.6999999999999997,-16.8,11.400000000000002,-2.200000047683716,-16.8,12.399999904632567,ttatcc[cTC]ggataa,1,12,4,-0.2000000000000001,-23.000000000000004,22.6,-0.2000000029802322,-23.0,22.599999994039536,atcc[cTCggataaata]ggat,0,0,1,3,1,7,1,10,1,0.9435264468193054
31674,C,cacgctttttaagccaaaatatggaagcgaatgatccggaaaagaagatTCcttctactgcagcaaaggcaataagtctctctccataaccggcgctgtca,98,C,1,4,15,1.3000000000000005,-26.700000000000003,29.300000000000004,1.399999976158142,-26.7,29.499999952316283,gaat[gatccggaaaagaag]atTC,1,4,5,-1.7000000000000006,-15.100000000000003,11.700000000000005,-2.200000047683716,-15.1,10.699999904632568,agaag[atTC]cttct,0,0,0,,,,,,,,0,0,0,0,0,0,0,0,0,0.12943996489048004
33788,G,atccacgaattatatcatataatcctccaccaaaatagagtatatcatcTCatgatgtataactactgacatagtttcaatgtgaactttttactttctta,0,A,0,0,0,,,,,,,,1,3,5,-1.7000000000000006,-13.600000000000003,10.200000000000005,-1.2000000476837158,-13.6,11.199999904632568,atcat[GAg]atgat,1,4,4,-1.3000000000000005,-12.900000000000002,10.3,-1.2999999523162842,-12.9,10.300000095367432,catc[atGA]gatg,0,0,1,1,0,0,1,1,1,0.4983047544956207
35134,G,aggatttaaatctttggtacaatacataaagtttatctttttacagatgTCtctgttatacattaaaatctacgaactaccctgttgtgacaactttttac,155,T,0,0,0,,,,,,,,1,4,5,-2.6999999999999997,-16.4,11.0,-2.700000047683716,-16.4,10.999999904632569,acaga[GAca]tctgt,1,9,4,0.0,-17.8,17.8,0.0,-17.8,17.8,atgt[ataacagaG]Acat,0,0,0,0,0,0,0,0,1,0.27035412192344666
37839,C,tattctcggatactctattgatgacactagttaagaacatgtcttctatTCtagaaaacgaaaacatcctacatggactcattaaaacttctaacgctcct,26,T,1,4,20,2.0999999999999996,-29.700000000000006,33.900000000000006,1.399999976158142,-29.7,32.49999995231629,ctag[ttaagaacatgtcttctatT]Ctag,1,3,5,-1.0999999999999992,-11.9,9.700000000000005,-0.800000011920929,-11.9,10.299999976158142,ttcta[tTC]tagaa,0,0,0,,,,,,,,0,0,0,0,0,0,0,0,0,0.1232316642999649
38662,C,accttttgacgacagccattcattaatttctgatatggaatctgtattcTCaataccgtatcgttctaaagccagtgctatatctccctgttcgtgggaac,56,A,0,0,0,,,,,,,,1,3,5,-0.6999999999999997,-12.2,10.8,-0.5,-12.2,11.2,gtatt[cTC]aatac,0,0,0,,,,,,,,1,1,1,1,1,1,1,3,1,0.31445786356925964
41954,C,aaaaatatagtagaatttcattttgtttttttctatgctataaatgaatTCtcattttgtatccgcacatactccgttttatatcaataccaaagaaggaa,155,T,0,0,0,,,,,,,,1,4,6,-2.6,-15.900000000000006,10.700000000000006,-2.5999999046325684,-15.9,10.700000190734864,aaatga[atTC]tcattt,0,0,0,,,,,,,,0,0,0,0,0,0,0,0,1,0.23871289193630219
42487,G,tacaaattctgtatatctaatacatgataatatcatgtatacatatttcTCaaatactattctccttagtgataaggggaaggtacatgaaataagtgcca,145,A,0,0,0,,,,,,,,1,3,5,-0.6000000000000001,-11.4,10.2,-0.1000000014901161,-11.4,11.199999997019768,tattt[GAg]aaata,1,13,4,1.6,-20.1,23.3,1.5,-20.1,23.1,gtat[ttGAgaaatatgt]atac,0,0,0,0,0,0,0,0,1,0.15745045244693756
45274,C,gtctaaaaaccggatagcgtccctaggacgaactactgccattaatatcTCtattatagcttctggacataaatcatctattataccagaattaatgggaa,56,T,1,4,1,-1.7999999999999998,-6.199999999999999,2.5999999999999996,100000.0,-6.2,200006.2,Ctat[t]atag,1,4,5,0.0,-11.3,11.3,0.0,-11.3,11.3,taata[tcTC]tatta,0,0,0,,,,,,,,0,0,0,0,0,0,0,0,0,0.11068560928106308
51951,C,gtatgtcttaatcatattcttatgaaacttggaaacatctcttctagttTCactagtacctttattaattctctcaggtacagattttgaattcgacgatg,56,A,1,7,16,-2.5999999999999996,-34.8,29.6,-2.700000047683716,-34.8,29.39999990463257,tgaaact[tggaaacatctcttct]agttTCa,1,3,5,-1.4,-13.0,10.2,-1.2000000476837158,-13.0,10.599999904632568,ctagt[tTC]actag,0,0,0,,,,,,,,0,0,0,0,0,0,0,0,1,0.1377013772726059
52221,C,aaacacggagtcggtatctccatacacgctacgaaaacgaaatctataaTCtataggcaacgatgttttcacaatcggattaatatctctatcgtccatat,23,T,0,0,0,,,,,,,,1,3,5,-0.2999999999999998,-10.3,9.7,0.0,-10.3,10.3,ctata[aTC]tatag,0,0,0,,,,,,,,0,0,0,0,0,0,0,0,0,0.12425697594881058
53913,G,caagatcgtacttatttctagatatagagtgtcacttcgataagaagttTCcttctgtatttattaacccaatctcgcatacaagttactgttatatcgat,74,C,0,0,0,,,,,,,,1,4,5,-2.0000000000000004,-15.3,11.3,-2.5,-15.3,10.3,agaag[GAaa]cttct,1,17,4,2.4000000000000004,-25.700000000000006,30.500000000000007,2.4000000953674316,-25.7,30.500000190734863,ataa[atacagaagGAaacttc]ttat,0,0,0,0,0,0,0,0,0,0.10898315161466599
56644,C,taatgtccaaatctatattgtttaatatattatatagatgtagtgtagcTCctacaggaatatctttaactaagtcaatgatttcatcaacagttagatct,98,C,1,4,2,-3.6000000000000005,-11.300000000000002,4.100000000000001,100000.0,-11.3,200011.3,TCct[ac]agga,1,3,5,-1.6,-15.200000000000005,12.000000000000004,-1.399999976158142,-15.2,12.400000047683717,tgtag[cTC]ctaca,0,0,0,,,,,,,,0,0,1,2,0,0,1,2,1,0.9359788298606873
56852,G,tccaaaattcttgtagagtagatgagtacctaaaagctgtttccttataTCataagaattctttaatggtatcgggaccaaatgtagtcaagcttatgata,83,A,0,0,0,,,,,,,,1,3,5,-0.8999999999999999,-10.9,9.1,-0.4000000059604645,-10.9,10.099999988079071,cttat[GAt]ataag,0,0,0,,,,,,,,0,0,0,0,0,0,0,0,0,0.1090640276670456
57088,G,tcatgttggcgacatgttcatgtatccggaatttgcgaggaaggctttaTCaaagcttatttcaaaaaaattaaacattgaaaaggtgtctagcaagcacc,145,A,1,4,15,1.0,-28.500000000000004,30.500000000000004,0.699999988079071,-28.5,29.899999976158146,tttG[Ataaagccttcctcg]caaa,1,3,5,-2.6,-14.3,9.1,-2.0999999046325684,-14.3,10.100000190734864,gcttt[GAt]aaagc,0,0,0,,,,,,,,0,0,0,0,1,1,1,1,1,0.5981073975563049
57351,C,accagtaatttgttcaaaatagtcacgcaattcattttcgggtttaaatTCtttaatatctacaatttcatacgctcctcttttgaaactaaacttattta,56,T,0,0,0,,,,,,,,1,3,5,-0.5,-10.7,9.7,-0.2000000029802322,-10.7,10.299999994039537,ttaaa[tTC]tttaa,1,13,5,0.6000000000000005,-21.5,22.700000000000003,0.6000000238418579,-21.5,22.700000047683716,aaatT[Ctttaatatctac]aattt,0,0,0,0,0,0,0,0,0,0.08110732585191727
62620,G,gacgttcactcctctaaacgcgagtccatacattcctaaaaagatagttTCactattggatttaccatctaatgtggaaataaaagcgatatctagaagcg,145,A,0,0,0,,,,,,,,1,3,5,-1.2999999999999994,-12.2,9.6,-0.800000011920929,-12.2,10.59999997615814,atagt[GAa]actat,1,20,4,2.5,-28.500000000000004,33.5,2.5,-28.5,33.5,taaa[tccaatagtGAaactatctt]ttta,0,0,0,0,0,0,0,0,1,0.2205667346715927
64296,C,gacgacctttggattttcaccagtatgtattcctttacgtgataaatcaTCgattttcaaatccatttgtgagaagtctatcgccttagatactttttccc,23,G,0,0,0,,,,,,,,1,3,5,-1.6,-13.300000000000002,10.1,-0.800000011920929,-13.3,11.699999976158145,aaatc[aTC]gattt,1,17,4,2.1,-27.5,31.7,2.0999999046325684,-27.5,31.699999809265137,aaat[caTCgattttcaaatcc]attt,0,0,0,0,0,0,0,0,1,0.2515563368797302
66175,C,gggtagagtttttgtccccgctccttttggaggatcacaacaatttattTCtaaatctatgagagatcaacgaaaaggaagagtaggaagagttaatcctg,155,T,1,4,20,1.6,-30.8,34.0,1.600000023841858,-30.8,34.00000004768371,ttTC[taaatctatgagagatcaac]gaaa,1,4,5,-0.3999999999999999,-11.5,10.7,-0.4000000059604645,-11.5,10.699999988079073,attta[ttTC]taaat,1,2,4,-2.1,-8.0,3.8,100000.0,-8.0,200008.0,attT[Ct]aaat,0,0,0,0,0,0,0,0,0,0.10436926782131195
68347,G,tctacttatatcctttgattctactaattttttagcgaatgcttctacaTCtagaagttatatgagtttttggtgtaaatctattaattcagcgacggagt,155,T,0,0,0,,,,,,,,1,4,6,-2.4999999999999996,-16.400000000000002,11.400000000000002,-2.5,-16.4,11.4,cttcta[GAtg]tagaag,0,0,0,,,,,,,,0,0,0,0,1,1,1,1,1,0.26038989424705505
69773,C,tgaatcaccatcctttaaaaaaaatgataagatatcaacatggagtataTCatactcggattttaattcttctactgcctcactgacattttcacaaatac,23,A,1,6,18,-0.6000000000000005,-31.800000000000004,30.6,-0.6000000238418579,-31.8,30.599999952316285,atgata[agatatcaacatggagta]taTCat,1,3,6,-2.3000000000000003,-14.300000000000002,9.700000000000005,-2.0999999046325684,-14.3,10.100000190734864,gagtat[aTC]atactc,0,0,0,,,,,,,,0,0,0,0,0,0,0,0,1,0.178317591547966
70775,G,tataaattcttgaacagtgcattgacaaggaggaatatacgagtagacaTCgtctaaattagcgtaatcgtttataaacgtaacaatattacgcacgtcta,23,G,1,4,7,-1.0,-18.500000000000004,16.500000000000004,-1.0,-18.5,16.5,acGA[tgtctac]tcgt,1,3,5,-2.1999999999999997,-14.1,9.700000000000005,-1.2000000476837158,-14.1,11.699999904632568,tagac[GAt]gtcta,0,0,0,,,,,,,,0,0,0,0,1,3,1,3,1,0.27991870045661926
75565,G,tcgtctagacgatcagcgataacttccatgttaatctattaaaatattaTCaatatattttcagttttgtatatccgtggtagcaataatcatcggagaag,0,A,0,0,0,,,,,,,,1,3,5,-0.5,-10.1,9.1,0.0,-10.1,10.1,atatt[GAt]aatat,1,7,7,-1.7000000000000002,-17.6,14.2,-1.7999999523162842,-17.6,14.000000095367431,aaaatat[attGAta]atatttt,0,0,0,0,1,1,1,1,1,0.27953648567199707
83815,G,catagaacttttcaaagatagtaatagccgtttcttttgtaattctaatTCtagaaggattaagatgcgtcaagaatatatactccataaaatctatatta,26,T,1,5,20,0.7999999999999998,-34.7,36.3,0.699999988079071,-34.7,36.099999976158145,attct[tgacgcatcttaatccttct]aGAat,1,4,5,-1.2999999999999994,-12.9,10.3,-1.2999999523162842,-12.9,10.300000095367432,ttcta[GAat]tagaa,1,9,4,1.5999999999999996,-16.200000000000003,19.4,1.2999999523162842,-16.2,18.799999904632568,taat[ccttctaGA]atta,0,0,0,0,0,0,0,0,0,0.060647860169410706
84933,G,aaagtcttctgtttcttctatctccttgatcttttgagaagatatcttaTCagatagtttcctttccattctcatgagaagacccaagtcgataaagtatt,23,A,1,4,1,-1.7999999999999998,-7.4,3.8000000000000007,100000.0,-7.4,200007.4,tatc[t]GAta,1,4,5,-1.1999999999999995,-12.500000000000002,10.1,-1.2999999523162842,-12.5,9.900000095367432,tatct[GAta]agata,0,0,0,,,,,,,,0,0,0,0,0,0,0,0,0,0.07443021237850189
88708,G,agatatcaagtacgtatatttagaaaatactggaaaaatttataaaaatTCtttttccgaagaccataacaacagtctatctgattggggtaaagttatta,155,T,1,4,6,0.3999999999999999,-15.8,16.6,0.1000000014901161,-15.8,16.000000002980233,tctt[cggaaa]aaGA,1,3,5,-1.1999999999999995,-11.5,9.1,-0.6000000238418579,-11.5,10.299999952316284,aaaaa[GAa]ttttt,0,0,0,,,,,,,,0,0,0,0,0,0,0,0,1,0.2315872311592102
92160,G,aaagtctatcgtaaagttttttgtttttgcttgaataagattgactaatTCtagtcggatagaggatccatatttcttgtaatccaaaaatatatgacgtt,56,T,1,4,6,0.7000000000000002,-15.6,17.0,0.699999988079071,-15.6,16.999999976158144,tcta[tccgac]taGA,1,4,5,-1.6999999999999995,-13.7,10.3,-1.7000000476837158,-13.7,10.299999904632568,gacta[GAat]tagtc,0,0,0,,,,,,,,0,0,0,0,0,0,0,0,0,0.06796713173389435
92444,G,agattttccagatccagacctactatatcttgtttaggcaacataaaagTCtttataggtgcgttaataggtggagaaagaattacattctctggagaagc,0,T,1,4,1,-2.3,-8.3,3.700000000000001,100000.0,-8.3,200008.3,aaaG[A]cttt,1,4,5,-0.6000000000000001,-12.3,11.1,-0.6000000238418579,-12.3,11.099999952316283,ataaa[GAct]tttat,0,0,0,,,,,,,,0,0,0,0,0,0,0,0,1,0.20139944553375244
93003,G,agaaccatattctttaggaaagcctttatcgttggtaaatttcttatacTCtataaagatagacgactctccaaagataattggttcactggacatgtacc,56,T,1,5,4,-0.9000000000000008,-12.4,10.599999999999998,-1.2000000476837158,-12.4,9.999999904632569,tctat[cttt]ataGA,1,3,5,-0.1,-10.5,10.3,0.3000000119209289,-10.5,11.100000023841858,ttata[GAg]tataa,1,10,4,0.6000000000000001,-16.7,17.9,0.5,-16.7,17.7,tctt[tataGAgtat]aaga,0,0,0,0,0,0,0,0,0,0.11171936243772507
93376,G,acggccctctagttcgtttattagtaaaataactaacttctggatttaaTCtaaatttatcgttgttggcagcgtattgatgtccaacatccgatagttta,26,T,1,4,1,-2.2,-7.000000000000002,2.6000000000000014,100000.0,-7.0,200007.0,GAtt[a]aatc,1,3,5,-0.6000000000000001,-10.5,9.3,-0.1000000014901161,-10.5,10.299999997019768,attta[GAt]taaat,0,0,0,,,,,,,,0,0,0,0,0,0,0,0,0,0.12104999274015427
95650,C,atcaccaaattttacaaaaaaatcaattaaggagatagcttcatctataTCtagattaaccggagtaattgattataaaggttataaccttaatataatag,155,T,1,5,10,-0.2999999999999989,-20.800000000000004,20.200000000000006,-0.3000000119209289,-20.8,20.199999976158143,agata[gcttcatcta]taTCt,1,4,5,-0.9999999999999996,-12.2,10.200000000000005,-1.0,-12.2,10.2,atcta[taTC]tagat,0,0,0,,,,,,,,0,0,0,0,0,0,0,0,1,0.1340845376253128
96289,G,tacacagtttgacacctcgataataaaatcttgaatagccgttaaataaTCtatttcgtctagacacgcgtctaaatctacatccatgaaaattctgacta,23,T,1,5,12,0.2999999999999998,-22.5,23.1,0.0,-22.5,22.5,aataG[Attatttaacgg]ctatt,1,3,5,-0.6000000000000001,-10.5,9.3,-0.1000000014901161,-10.5,10.299999997019768,aaata[GAt]tattt,0,0,0,,,,,,,,0,0,0,0,0,0,0,0,0,0.12697456777095795
98122,G,agataccaacagagtacctattttgagatagaatgcaaagtccggaatcTCttccggtgtaggatatagtttcataataggaatatgatattttttgtacc,56,T,1,5,17,0.1999999999999993,-33.0,33.4,0.1000000014901161,-33.0,33.20000000298023,GAgat[tccggactttgcattct]atctc,1,4,6,-5.299999999999999,-21.300000000000004,10.700000000000006,-5.300000190734863,-21.3,10.699999618530274,ccggaa[GAga]ttccgg,0,0,0,,,,,,,,0,0,0,0,1,1,1,1,1,0.9914395809173584
105613,G,cctcagcgcacgcaataaactgttcaaacgtgaacgagatgctattaaaTCtaataatcatctcactgaaaacaatctatacattagcgattataagatgt,155,T,1,4,8,0.5,-16.1,17.1,0.4000000059604645,-16.1,16.90000001192093,aGAt[ttaatagc]atct,1,4,5,-0.2000000000000001,-10.7,10.3,-0.2000000029802322,-10.7,10.299999994039537,tatta[GAtt]taata,1,7,4,1.3000000000000005,-12.0,14.6,1.2999999523162842,-12.0,14.599999904632568,atta[ttaGAtt]taat,0,0,0,0,0,0,0,0,0,0.10273635387420654
107042,C,attcttaaccatatatccaataaagctcaattcaggaacataaacaaatTCtttgttgaacgtttcaaagtcgaacgaagagtcacgaataacgatatcgg,56,T,1,5,10,-0.5999999999999996,-23.1,21.9,-1.2999999523162842,-23.1,20.500000095367433,Ctttg[ttgaacgttt]caaag,1,3,6,-2.8000000000000003,-15.300000000000004,9.700000000000005,-2.5,-15.3,10.3,aacaaa[tTC]tttgtt,1,13,4,0.4000000000000003,-21.7,22.5,0.4000000059604645,-21.7,22.50000001192093,aaca[taaacaaatTCtt]tgtt,0,0,0,0,0,0,0,0,1,0.22111162543296814
108673,C,ataatttctccagaacattgatgagacaataatctccgcaatacatttcTCaaatgaataagtttattagacacgtggaagtttgactttttttgtacctt,0,A,0,0,0,,,,,,,,1,3,5,-1.2000000000000006,-13.2,10.8,-1.0,-13.2,11.2,cattt[cTC]aaatg,0,0,0,,,,,,,,0,0,0,0,0,0,0,0,1,0.6431752443313599
117590,C,gcgcagaaaatatcttctcctgtaatatctccactctcgataaatctacTCagattattcttaaatgccttattctctggagaaaagatatcagtgtccat,0,A,0,0,0,,,,,,,,1,4,5,-1.3000000000000005,-14.1,11.5,-1.5,-14.1,11.1,aatct[acTC]agatt,1,11,4,1.2999999999999998,-18.1,20.700000000000003,1.2999999523162842,-18.1,20.69999990463257,ataa[atctacTCaga]ttat,0,0,1,1,0,0,1,1,1,0.5846627354621887
119494,G,actctgaatatctatttcgtatagtttctaccgttcttccacatctatgTCtagattacaaagtatgtgaccaacttaaaacaaccttcgttcatccgttc,0,T,0,0,0,,,,,,,,1,4,5,-1.2999999999999994,-13.6,11.000000000000004,-1.2999999523162842,-13.6,11.000000095367431,atcta[GAca]tagat,1,20,5,-0.3000000000000007,-33.1,32.5,-0.3000000119209289,-33.1,32.49999997615814,cacat[actttgtaatctaGAcatag]atgtg,0,0,0,0,0,0,0,0,1,0.17524851858615875
120391,G,cacatcgataatttctgaagtgatatcggtactcagtcctttgatttctTCaaatccgagttttagcaatgcctgctcaataatgtttatgacaataataa,56,A,1,5,5,-2.0,-15.1,11.1,-2.0,-15.1,11.1,tttGA[agaaa]tcaaa,1,4,5,-1.3000000000000005,-13.800000000000002,11.200000000000005,-1.2000000476837158,-13.8,11.399999904632567,gattt[GAag]aaatc,0,0,0,,,,,,,,0,0,0,0,0,0,0,0,0,0.10629305243492126
125400,G,gcatgtggatcgtctcttaaacttcttaacgattttgcgagttaaatatTCtatttaatacacgttcttctctggaggatgttggtacggaagcgggttca,26,T,0,0,0,,,,,,,,1,3,7,-2.2999999999999994,-13.7,9.1,-1.7000000476837158,-13.7,10.299999904632568,ttaaata[GAa]tatttaa,1,6,4,1.2000000000000002,-10.7,13.1,1.2000000476837158,-10.7,13.100000095367433,tatt[aaataG]Aata,0,0,0,0,0,0,0,0,1,0.3263452649116516
130239,C,agacggtagttatcgaacacatcctcactattcatggatgcagaatattTCtattcctagaagtgttggattttatccggatcaagtaaagatttcaaaga,155,T,1,5,4,-1.0999999999999992,-13.7,11.500000000000004,-1.100000023841858,-13.7,11.499999952316283,tTCta[ttcc]tagaa,1,4,5,-0.6999999999999997,-12.1,10.700000000000005,-0.699999988079071,-12.1,10.700000023841858,gaata[ttTC]tattc,0,0,0,,,,,,,,0,0,0,0,0,0,0,0,0,0.10855460911989212
136563,C,atcatcatcatcatcatcatcatcatcatcatcatcatcatctatgataTCatcatcttcgatatttattttgctatcttgataatgtcctatatcagttg,23,A,1,5,0,-3.6000000000000005,-8.370000000000001,1.17,100000.0,-8.8,200008.8,atgat[]aTCat,1,3,5,-1.4000000000000008,-12.500000000000002,9.7,-1.2000000476837158,-12.5,10.099999904632568,atgat[aTC]atcat,0,0,0,,,,,,,,0,0,1,1,0,0,1,1,1,0.22478774189949036
144401,G,tttatccgtagatatacaacagagtttcataaaaagagaaaagaatgaaTCcattcagtacagtatttgataatagcttttttatgatgtatttagagatg,23,C,0,0,0,,,,,,,,1,4,5,-1.7999999999999994,-14.7,11.1,-2.0999999046325684,-14.7,10.500000190734864,gaatg[GAtt]cattc,1,2,5,-4.2,-13.000000000000002,4.600000000000001,100000.0,-13.0,200013.0,tgaat[gG]Attca,0,0,0,0,0,0,0,0,1,0.14873260259628296
147459,G,tgaaatctaaaaatcgatgagctgtatgtcaataccggcattattgacaTCgtcaatatggatattatccatttcatcatcatttaaaattgacactacat,0,G,0,0,0,,,,,,,,1,3,7,-4.299999999999999,-18.3,9.700000000000005,-3.299999952316284,-18.3,11.700000095367432,tattgac[GAt]gtcaata,0,0,0,,,,,,,,0,0,1,3,1,2,1,5,1,0.9268923997879028
148319,G,gaagaatcagaataagtatttttttaaaaaaaataatcgattagtggtaTCaccactacaagagtaccgtaaataaaaagtatttaatacttatttttata,0,A,0,0,0,,,,,,,,1,3,7,-5.1,-19.3,9.1,-4.599999904632568,-19.3,10.100000190734864,tagtggt[GAt]accacta,1,15,4,0.5999999999999996,-27.5,28.7,0.6000000238418579,-27.5,28.700000047683716,ggta[ctcttgtagtggtGA]tacc,0,0,1,1,0,0,1,1,1,0.9719610214233398
151659,G,taatagattaactatatgatcattataggtttttttacgagttagatagTCatctatcatctttccagtgactgtggatcgctgaggaaagttaagatatt,23,A,1,5,16,-1.0,-30.6,28.6,-1.0,-30.6,28.6,agtca[ctggaaagatgataga]tGAct,1,4,5,-1.2000000000000006,-13.300000000000002,10.900000000000002,-1.2000000476837158,-13.3,10.899999904632567,tagat[GAct]atcta,1,4,5,-1.2000000000000006,-13.600000000000003,11.200000000000005,-1.7000000476837158,-13.6,10.199999904632568,gatag[atGA]ctatc,0,0,0,0,0,0,0,0,0,0.1267579048871994
152437,G,gttatccttataaaagctcataaacttgttaactatacaatcgataattTCattatcgtctaatgaattaatcaactcgttctgatagatctcttgatcta,0,A,1,7,5,-3.3999999999999995,-20.0,13.2,-3.4000000953674316,-20.0,13.199999809265137,ttcatta[gacga]taatGAa,1,3,7,-4.0,-17.6,9.6,-3.5,-17.6,10.6,cgataat[GAa]attatcg,1,16,5,1.3999999999999997,-26.0,28.799999999999997,1.100000023841858,-26.0,28.200000047683716,taatt[cattagacgataatGA]aatta,0,0,0,0,1,2,1,2,1,0.8637587428092957
153714,C,gatggattcgatatgacagacattccattgtatgaacgaagatcttttcTCaaagatgttatggtcgaaatacccaatagaatagtattctcagagttgac,0,A,0,0,0,,,,,,,,1,4,6,-2.3000000000000003,-16.4,11.799999999999995,-2.4000000953674316,-16.4,11.599999809265135,atcttt[tcTC]aaagat,1,17,4,1.3000000000000005,-28.8,31.4,1.2999999523162842,-28.8,31.39999990463257,tttc[TCaaagatgttatggtc]gaaa,0,0,0,0,0,0,0,0,1,0.3027445077896118
154098,G,actaccaaccactctggaatttttttgggatccttgttaattttaaccaTCgttaattggtcttgcaaaacccttaacgtattatcatcgtgaccggaaca,0,G,1,6,17,-1.5999999999999988,-36.1,32.900000000000006,-1.600000023841858,-36.1,32.899999952316286,cgttaa[gggttttgcaagaccaa]ttaacG,1,4,5,-1.5000000000000004,-14.7,11.7,-1.5,-14.7,11.7,ttaac[GAtg]gttaa,1,8,4,-1.2000000000000002,-18.7,16.299999999999997,-1.2000000476837158,-18.7,16.299999904632568,acca[attaacGA]tggt,0,0,1,1,0,0,1,1,1,0.6973738074302673
158951,C,cactttttatactaatatgacacaattaccaatacttttgttactaataTCattagtatacgctacaccttctcctcagacatctaaaaaaataggtgatg,145,A,0,0,0,,,,,,,,1,3,7,-2.600000000000001,-14.900000000000002,9.7,-2.4000000953674316,-14.9,10.099999809265135,tactaat[aTC]attagta,1,18,5,0.8999999999999995,-26.9,28.699999999999996,0.800000011920929,-26.9,28.500000023841856,atact[tttgttactaataTCatt]agtat,0,0,0,0,0,0,0,0,1,0.65730220079422
163238,C,tttaactaactaactaactaactaactcttatatactattaataatacaTCtattaatcattgattagcttattgctttaattgtttttgtaaactaacac,0,T,0,0,0,,,,,,,,1,4,5,0.0999999999999996,-11.6,11.8,0.1000000014901161,-11.6,11.800000002980232,taata[caTC]tatta,1,17,4,2.2,-23.500000000000004,27.90000000000001,2.200000047683716,-23.5,27.90000009536743,taat[acaTCtattaatcattg]atta,0,0,0,0,0,0,0,0,1,0.5017658472061157
165305,G,aactgtgcacattttcttgcatggattttcgtatttccatttatctgttTCacagacagcatttggatccaaagaatgatatcctgaatcacatgtaaacg,56,A,0,0,0,,,,,,,,1,3,5,-2.6,-14.800000000000002,9.6,-2.0999999046325684,-14.8,10.600000190734864,tctgt[GAa]acaga,1,7,4,-0.1999999999999993,-17.7,17.3,-0.5,-17.7,16.7,ctgt[ctgtGAa]acag,0,0,0,0,0,0,0,0,1,0.2882011830806732
165534,G,tagtcatatattccccaaatgagtatttttctttaactggttgacacgaTCcgtgttctaattgaagaggttgacattccgcattaggacacgtgacagta,98,C,0,0,0,,,,,,,,1,3,5,-3.6,-17.300000000000004,10.100000000000003,-3.0999999046325684,-17.3,11.100000190734864,acacg[GAt]cgtgt,0,0,0,,,,,,,,0,0,0,0,0,0,0,0,1,0.7019966244697571
166723,G,ctgcacctattacaaataaaaacgttattagttttttatacatttaaaaTCttaaaattttaactagtatatcgaaataattatttatacaaactaactag,0,T,0,0,0,,,,,,,,1,4,5,-0.6999999999999997,-11.7,10.3,-0.699999988079071,-11.7,10.300000023841855,tttaa[GAtt]ttaaa,1,6,7,-1.7999999999999998,-17.200000000000003,13.600000000000003,-1.899999976158142,-17.2,13.400000047683717,ttaaaat[tttaaG]Attttaa,0,0,0,0,0,0,0,0,0,0.07586529850959778
168101,G,ttagttatgaatatttagtcaagaatgctaagaaaagttgtaacatcatTCgatgtgctaccgagaaatttagtcaaataagattgagactgtttattaaa,0,G,1,5,19,0.200000000000001,-32.4,32.8,-0.1000000014901161,-32.4,32.199999997019766,GAatg[atgttacaacttttcttag]cattc,1,4,5,-2.6999999999999997,-16.1,10.700000000000005,-2.700000047683716,-16.1,10.69999990463257,acatc[GAat]gatgt,0,0,0,,,,,,,,0,0,0,0,0,0,0,0,1,0.33199912309646606
175890,G,atcactctcactgttcataccagttctatcataatcatcataataatatTCattataattttcataatcgctagatgaataatattgatagtaaccgttgt,56,A,0,0,0,,,,,,,,1,4,5,-0.5,-11.1,10.1,-0.5,-11.1,10.1,ataat[GAat]attat,0,0,0,,,,,,,,0,0,0,0,0,0,0,0,0,0.06147568300366402
181495,C,tcatgacattcaattggagcatgtagaagacaataaagatagtgtagcaTCgctaccgtacaagtatctacaagtagtcaaacaaagagaacgtagtagat,145,G,0,0,0,,,,,,,,1,3,5,-2.9,-15.900000000000002,10.1,-2.0999999046325684,-15.9,11.700000190734864,gtagc[aTC]gctac,1,12,4,0.6999999999999997,-26.3,27.7,0.699999988079071,-26.3,27.699999976158143,tgta[gcaTCgctaccg]taca,0,0,0,0,1,1,1,1,1,0.6622719168663025
185653,C,agtgagaaataaaaatatagactttggatataactatggagatattattTCtaatatggtttatctacaatctactagtcaggattatggagatggtacca,155,T,0,0,0,,,,,,,,1,4,6,-0.8999999999999999,-12.500000000000002,10.700000000000005,-0.8999999761581421,-12.5,10.700000047683716,atatta[ttTC]taatat,1,3,4,0.6999999999999997,-8.2,9.599999999999998,0.8999999761581421,-8.2,9.999999952316283,tatt[TCt]aata,0,0,0,0,0,0,0,0,0,0.09199018031358719
188491,C,cggtctgtgtcgccaccatggtcacaccgagcctctgcgtgctcctccaTCgaggacgacttcaactatgacagctcggtggcgtctgccagcgtgtacat,0,G,1,4,20,0.2000000000000001,-37.5,37.9,-0.3000000119209289,-37.5,36.89999997615814,Cgag[gacgacttcaactatgacag]ctcg,1,4,5,-2.8000000000000003,-18.100000000000005,12.500000000000004,-2.799999952316284,-18.1,12.500000095367431,tcctc[caTC]gagga,0,0,0,,,,,,,,0,0,1,4,1,1,1,5,1,0.9839275479316711
188775,C,tgaacatcccctgaatctgtacatactttgtggatttacactgttagaaTCtctaacgctggcctctgttgttactttctatgatgcacgtatcgttatgc,0,T,1,4,11,0.7999999999999998,-19.7,21.299999999999997,0.699999988079071,-19.7,21.09999997615814,gatt[tacactgttag]aaTC,1,3,6,-2.4999999999999996,-14.700000000000005,9.700000000000005,-2.200000047683716,-14.7,10.299999904632568,gttaga[aTC]tctaac,0,0,0,,,,,,,,0,0,0,0,0,0,0,0,1,0.17910413444042206
190278,G,tatttgattcttacttattgtgggattgtagtttacttagtaattcatcTCtgaatcctgataaatcatgcatatcaatgatgcaactacgcagcaaacta,0,T,0,0,0,,,,,,,,1,4,5,-1.9,-14.500000000000002,10.700000000000005,-1.899999976158142,-14.5,10.700000047683716,attca[GAga]tgaat,0,0,0,,,,,,,,0,0,0,0,0,0,0,0,0,0.12012467533349991
196084,C,atcacgcgtgaagaagctctggctatgatcaaagactgtgagatgtctaTCgacatcagatgtagcgaagaagagaaagacagtgacatcaagacccatcc,0,G,0,0,0,,,,,,,,1,4,6,-3.599999999999999,-18.1,10.9,-3.5999999046325684,-18.1,10.900000190734865,gatgtc[taTC]gacatc,0,0,0,,,,,,,,0,0,1,1,0,0,1,1,1,0.8278078436851501
