position,nucleotide,context_pm50,grantham,third_nt,in_stem,stem_length,stem_loop_length,stem_energy,stem_hairpin_sequence,in_loop_boundary,loop_boundary_length,loop_boundary_stem_length,loop_boundary_energy,loop_boundary_hairpin_sequence,in_loop_other,loop_other_length,loop_other_stem_length,loop_other_energy,loop_other_hairpin_sequence,ds1_mutation,ds1_independent_events,ds2_mutation,ds2_independent_events,ds3_mutation,ds3_independent_events,any_mutation,total_independent_events,pred_class,pred_prob,old_loop_boundary_energy
1126,G,atcacgcgtgaagaagctctggctatgatcaaagactgtgagatgtctaTCgacatcagatgtagcgaagaagagaaagacagtgacatcaagacccatcc,0,G,0,0,0,,,1,4,6,-4.0,gatgtc[GAta]gacatc,0,0,0,,,0,0,1,1,0,0,1,1,1,0.8678146004676819,10.1
13686,C,tttaatttgacacatatcagcaatttctttttcgcagtcggttatatatTCtatataagatggatacgtatcacatatgtacttatagtctactaatatga,56,T,0,0,0,,,1,3,7,-1.2000000476837158,ttatata[tTC]tatataa,1,3,5,0.4000000059604645,tatat[TCt]atata,0,0,1,2,0,0,1,2,1,0.5837520956993103,9.7
14070,C,acaataataaagtatactacgtccatgtttatctattttgtttatatcaTCgatatacggcttacaaatttctagtatcgataacacttctgactcgtgaa,23,G,1,7,20,-2.200000047683716,aTCgata[tacggcttacaaatttctag]tatcgat,1,3,6,-0.8999999761581421,tatatc[aTC]gatata,0,0,0,,,0,0,0,0,0,0,0,0,1,0.3393865525722503,10.1
17437,C,ccatcgtaataccatgtttaagatagtatattctctagttactacgatcTCatcgttgtctagaatatcgcatactgaatctacatccaattttagaaatt,56,A,0,0,0,,,1,3,5,-2.4000000953674316,acgat[cTC]atcgt,1,18,4,0.4000000059604645,cgat[cTCatcgttgtctagaat]atcg,0,0,0,0,1,1,1,1,1,0.5198619365692139,10.8
17771,G,atcatggatatgaacaggttaaatcttgataaactaaaacacgaaaataTCttttctgataatattatagaggatgccaaagagttcatctttggatctag,0,T,1,4,6,0.4000000059604645,tatc[agaaaa]GAta,1,4,5,-1.5,gaaaa[GAta]ttttc,1,11,5,0.5,aatat[tatcagaaaaG]Atatt,0,0,0,0,0,0,0,0,0,0.2078746259212494,9.6
22616,G,ctgatccaacaaagattaatccccattacttacaccccaagaataaataTCtttatcataattctgagtatagtatgcgtggtagttatggagtgacattt,22,T,1,4,7,0.2000000029802322,aaGA[tatttat]tctt,1,4,5,-0.699999988079071,ataaa[GAta]tttat,1,16,5,0.3000000119209289,agaat[tatgataaaGAtattt]attct,0,0,0,0,0,0,0,0,0,0.0934021547436714,9.6
23353,C,gagttcctcgtttttgctaattatttcgtccaatttattattcttgacaTCgtcaagatcttttgtataggagtcagacttgtattcaacatgtttttcta,23,G,0,0,0,,,1,3,7,-4.400000095367432,tcttgac[aTC]gtcaaga,0,0,0,,,0,0,1,3,1,2,1,5,1,0.8847026228904724,10.1
24645,G,tctcaattagggaataaaatgtacaatcttaaactccctagattttctaTCgaaaacaagagggatattaagtcgatagccgaaatgatggctcctagtat,0,G,1,7,19,-2.5,ctatcga[cttaatatccctcttgttt]tcGAtag,1,4,5,-1.899999976158142,ttttc[GAta]gaaaa,0,0,0,,,0,0,0,0,1,1,1,1,1,0.5097386240959167,10.1
29727,C,ttaacaaatctaactggtgagttaatattcatgttgaacataaaaaataTCattttatttcaaaattatttaccattccattccatcccatatattccatg,10,A,0,0,0,,,1,3,5,-0.5,aaaat[aTC]atttt,1,6,4,0.5,aaaa[ataTCa]tttt,0,0,0,0,0,0,0,0,1,0.3538931608200073,9.7
29887,C,cctatcaatagcagtttattatccactatgatcaattctggattatcccTCggataaataggatcatctatcagagtccatgtattgctggattcacaata,0,G,0,0,0,,,1,3,6,-2.200000047683716,ttatcc[cTC]ggataa,1,12,4,-0.2000000029802322,atcc[cTCggataaata]ggat,0,0,1,3,1,7,1,10,1,0.6244941353797913,11.4
31674,C,cacgctttttaagccaaaatatggaagcgaatgatccggaaaagaagatTCcttctactgcagcaaaggcaataagtctctctccataaccggcgctgtca,98,C,1,4,15,1.399999976158142,gaat[gatccggaaaagaag]atTC,1,4,5,-2.200000047683716,agaag[atTC]cttct,0,0,0,,,0,0,0,0,0,0,0,0,0,0.1547818332910537,11.7
33788,G,atccacgaattatatcatataatcctccaccaaaatagagtatatcatcTCatgatgtataactactgacatagtttcaatgtgaactttttactttctta,0,A,0,0,0,,,1,3,5,-1.2000000476837158,atcat[GAg]atgat,1,4,4,-1.2999999523162842,catc[atGA]gatg,0,0,1,1,0,0,1,1,1,0.6674723029136658,10.2
35134,G,aggatttaaatctttggtacaatacataaagtttatctttttacagatgTCtctgttatacattaaaatctacgaactaccctgttgtgacaactttttac,155,T,0,0,0,,,1,4,5,-2.700000047683716,acaga[GAca]tctgt,1,9,4,0.0,atgt[ataacagaG]Acat,0,0,0,0,0,0,0,0,1,0.2142896056175232,11.0
37839,C,tattctcggatactctattgatgacactagttaagaacatgtcttctatTCtagaaaacgaaaacatcctacatggactcattaaaacttctaacgctcct,26,T,1,4,20,1.399999976158142,ctag[ttaagaacatgtcttctatT]Ctag,1,3,5,-0.800000011920929,ttcta[tTC]tagaa,0,0,0,,,0,0,0,0,0,0,0,0,1,0.2142188549041748,9.7
38662,C,accttttgacgacagccattcattaatttctgatatggaatctgtattcTCaataccgtatcgttctaaagccagtgctatatctccctgttcgtgggaac,56,A,0,0,0,,,1,3,5,-0.5,gtatt[cTC]aatac,0,0,0,,,1,1,1,1,1,1,1,3,1,0.2456181347370147,10.8
41954,C,aaaaatatagtagaatttcattttgtttttttctatgctataaatgaatTCtcattttgtatccgcacatactccgttttatatcaataccaaagaaggaa,155,T,0,0,0,,,1,4,6,-2.5999999046325684,aaatga[atTC]tcattt,0,0,0,,,0,0,0,0,0,0,0,0,1,0.2190739959478378,10.7
42487,G,tacaaattctgtatatctaatacatgataatatcatgtatacatatttcTCaaatactattctccttagtgataaggggaaggtacatgaaataagtgcca,145,A,0,0,0,,,1,3,5,-0.1000000014901161,tattt[GAg]aaata,1,13,4,1.5,gtat[ttGAgaaatatgt]atac,0,0,0,0,0,0,0,0,0,0.1831704080104828,10.2
45274,C,gtctaaaaaccggatagcgtccctaggacgaactactgccattaatatcTCtattatagcttctggacataaatcatctattataccagaattaatgggaa,56,T,1,4,1,100000.0,Ctat[t]atag,1,4,5,0.0,taata[tcTC]tatta,0,0,0,,,0,0,0,0,0,0,0,0,0,0.1183503940701484,11.3
51951,C,gtatgtcttaatcatattcttatgaaacttggaaacatctcttctagttTCactagtacctttattaattctctcaggtacagattttgaattcgacgatg,56,A,1,7,16,-2.700000047683716,tgaaact[tggaaacatctcttct]agttTCa,1,3,5,-1.2000000476837158,ctagt[tTC]actag,0,0,0,,,0,0,0,0,0,0,0,0,1,0.4350976645946502,10.2
52221,C,aaacacggagtcggtatctccatacacgctacgaaaacgaaatctataaTCtataggcaacgatgttttcacaatcggattaatatctctatcgtccatat,23,T,0,0,0,,,1,3,5,0.0,ctata[aTC]tatag,0,0,0,,,0,0,0,0,0,0,0,0,0,0.2036792933940887,9.7
53913,G,caagatcgtacttatttctagatatagagtgtcacttcgataagaagttTCcttctgtatttattaacccaatctcgcatacaagttactgttatatcgat,74,C,0,0,0,,,1,4,5,-2.5,agaag[GAaa]cttct,1,17,4,2.4000000953674316,ataa[atacagaagGAaacttc]ttat,0,0,0,0,0,0,0,0,0,0.1653985679149627,11.3
56644,C,taatgtccaaatctatattgtttaatatattatatagatgtagtgtagcTCctacaggaatatctttaactaagtcaatgatttcatcaacagttagatct,98,C,1,4,2,100000.0,TCct[ac]agga,1,3,5,-1.399999976158142,tgtag[cTC]ctaca,0,0,0,,,0,0,1,2,0,0,1,2,1,0.4688410460948944,12.0
56852,G,tccaaaattcttgtagagtagatgagtacctaaaagctgtttccttataTCataagaattctttaatggtatcgggaccaaatgtagtcaagcttatgata,83,A,0,0,0,,,1,3,5,-0.4000000059604645,cttat[GAt]ataag,0,0,0,,,0,0,0,0,0,0,0,0,0,0.1882422119379043,9.1
57088,G,tcatgttggcgacatgttcatgtatccggaatttgcgaggaaggctttaTCaaagcttatttcaaaaaaattaaacattgaaaaggtgtctagcaagcacc,145,A,1,4,15,0.699999988079071,tttG[Ataaagccttcctcg]caaa,1,3,5,-2.0999999046325684,gcttt[GAt]aaagc,0,0,0,,,0,0,0,0,1,1,1,1,1,0.5671151876449585,9.1
57351,C,accagtaatttgttcaaaatagtcacgcaattcattttcgggtttaaatTCtttaatatctacaatttcatacgctcctcttttgaaactaaacttattta,56,T,0,0,0,,,1,3,5,-0.2000000029802322,ttaaa[tTC]tttaa,1,13,5,0.6000000238418579,aaatT[Ctttaatatctac]aattt,0,0,0,0,0,0,0,0,0,0.1466586738824844,9.7
62620,G,gacgttcactcctctaaacgcgagtccatacattcctaaaaagatagttTCactattggatttaccatctaatgtggaaataaaagcgatatctagaagcg,145,A,0,0,0,,,1,3,5,-0.800000011920929,atagt[GAa]actat,1,20,4,2.5,taaa[tccaatagtGAaactatctt]ttta,0,0,0,0,0,0,0,0,1,0.2604210972785949,9.6
64296,C,gacgacctttggattttcaccagtatgtattcctttacgtgataaatcaTCgattttcaaatccatttgtgagaagtctatcgccttagatactttttccc,23,G,0,0,0,,,1,3,5,-0.800000011920929,aaatc[aTC]gattt,1,17,4,2.0999999046325684,aaat[caTCgattttcaaatcc]attt,0,0,0,0,0,0,0,0,1,0.2991527318954468,10.1
66175,C,gggtagagtttttgtccccgctccttttggaggatcacaacaatttattTCtaaatctatgagagatcaacgaaaaggaagagtaggaagagttaatcctg,155,T,1,4,20,1.600000023841858,ttTC[taaatctatgagagatcaac]gaaa,1,4,5,-0.4000000059604645,attta[ttTC]taaat,1,2,4,100000.0,attT[Ct]aaat,0,0,0,0,0,0,0,0,0,0.1284032016992569,10.7
68347,G,tctacttatatcctttgattctactaattttttagcgaatgcttctacaTCtagaagttatatgagtttttggtgtaaatctattaattcagcgacggagt,155,T,0,0,0,,,1,4,6,-2.5,cttcta[GAtg]tagaag,0,0,0,,,0,0,0,0,1,1,1,1,1,0.2135340422391891,11.4
69773,C,tgaatcaccatcctttaaaaaaaatgataagatatcaacatggagtataTCatactcggattttaattcttctactgcctcactgacattttcacaaatac,23,A,1,6,18,-0.6000000238418579,atgata[agatatcaacatggagta]taTCat,1,3,6,-2.0999999046325684,gagtat[aTC]atactc,0,0,0,,,0,0,0,0,0,0,0,0,1,0.4095341563224792,9.7
70775,G,tataaattcttgaacagtgcattgacaaggaggaatatacgagtagacaTCgtctaaattagcgtaatcgtttataaacgtaacaatattacgcacgtcta,23,G,1,4,7,-1.0,acGA[tgtctac]tcgt,1,3,5,-1.2000000476837158,tagac[GAt]gtcta,0,0,0,,,0,0,0,0,1,3,1,3,1,0.4628580510616302,9.7
75565,G,tcgtctagacgatcagcgataacttccatgttaatctattaaaatattaTCaatatattttcagttttgtatatccgtggtagcaataatcatcggagaag,0,A,0,0,0,,,1,3,5,0.0,atatt[GAt]aatat,1,7,7,-1.7999999523162842,aaaatat[attGAta]atatttt,0,0,0,0,1,1,1,1,1,0.5701010227203369,9.1
83815,G,catagaacttttcaaagatagtaatagccgtttcttttgtaattctaatTCtagaaggattaagatgcgtcaagaatatatactccataaaatctatatta,26,T,1,5,20,0.699999988079071,attct[tgacgcatcttaatccttct]aGAat,1,4,5,-1.2999999523162842,ttcta[GAat]tagaa,1,9,4,1.2999999523162842,taat[ccttctaGA]atta,0,0,0,0,0,0,0,0,0,0.1211539208889007,10.3
84933,G,aaagtcttctgtttcttctatctccttgatcttttgagaagatatcttaTCagatagtttcctttccattctcatgagaagacccaagtcgataaagtatt,23,A,1,4,1,100000.0,tatc[t]GAta,1,4,5,-1.2999999523162842,tatct[GAta]agata,0,0,0,,,0,0,0,0,0,0,0,0,0,0.196535125374794,10.1
88708,G,agatatcaagtacgtatatttagaaaatactggaaaaatttataaaaatTCtttttccgaagaccataacaacagtctatctgattggggtaaagttatta,155,T,1,4,6,0.1000000014901161,tctt[cggaaa]aaGA,1,3,5,-0.6000000238418579,aaaaa[GAa]ttttt,0,0,0,,,0,0,0,0,0,0,0,0,0,0.2084901630878448,9.1
92160,G,aaagtctatcgtaaagttttttgtttttgcttgaataagattgactaatTCtagtcggatagaggatccatatttcttgtaatccaaaaatatatgacgtt,56,T,1,4,6,0.699999988079071,tcta[tccgac]taGA,1,4,5,-1.7000000476837158,gacta[GAat]tagtc,0,0,0,,,0,0,0,0,0,0,0,0,0,0.1106573417782783,10.3
92444,G,agattttccagatccagacctactatatcttgtttaggcaacataaaagTCtttataggtgcgttaataggtggagaaagaattacattctctggagaagc,0,T,1,4,1,100000.0,aaaG[A]cttt,1,4,5,-0.6000000238418579,ataaa[GAct]tttat,0,0,0,,,0,0,0,0,0,0,0,0,0,0.1237788498401641,11.1
93003,G,agaaccatattctttaggaaagcctttatcgttggtaaatttcttatacTCtataaagatagacgactctccaaagataattggttcactggacatgtacc,56,T,1,5,4,-1.2000000476837158,tctat[cttt]ataGA,1,3,5,0.3000000119209289,ttata[GAg]tataa,1,10,4,0.5,tctt[tataGAgtat]aaga,0,0,0,0,0,0,0,0,0,0.117620401084423,10.3
93376,G,acggccctctagttcgtttattagtaaaataactaacttctggatttaaTCtaaatttatcgttgttggcagcgtattgatgtccaacatccgatagttta,26,T,1,4,1,100000.0,GAtt[a]aatc,1,3,5,-0.1000000014901161,attta[GAt]taaat,0,0,0,,,0,0,0,0,0,0,0,0,0,0.1602238863706588,9.3
95650,C,atcaccaaattttacaaaaaaatcaattaaggagatagcttcatctataTCtagattaaccggagtaattgattataaaggttataaccttaatataatag,155,T,1,5,10,-0.3000000119209289,agata[gcttcatcta]taTCt,1,4,5,-1.0,atcta[taTC]tagat,0,0,0,,,0,0,0,0,0,0,0,0,0,0.1533528566360473,10.2
96289,G,tacacagtttgacacctcgataataaaatcttgaatagccgttaaataaTCtatttcgtctagacacgcgtctaaatctacatccatgaaaattctgacta,23,T,1,5,12,0.0,aataG[Attatttaacgg]ctatt,1,3,5,-0.1000000014901161,aaata[GAt]tattt,0,0,0,,,0,0,0,0,0,0,0,0,0,0.1658285409212112,9.3
98122,G,agataccaacagagtacctattttgagatagaatgcaaagtccggaatcTCttccggtgtaggatatagtttcataataggaatatgatattttttgtacc,56,T,1,5,17,0.1000000014901161,GAgat[tccggactttgcattct]atctc,1,4,6,-5.300000190734863,ccggaa[GAga]ttccgg,0,0,0,,,0,0,0,0,1,1,1,1,1,0.8549349308013916,10.7
105613,G,cctcagcgcacgcaataaactgttcaaacgtgaacgagatgctattaaaTCtaataatcatctcactgaaaacaatctatacattagcgattataagatgt,155,T,1,4,8,0.4000000059604645,aGAt[ttaatagc]atct,1,4,5,-0.2000000029802322,tatta[GAtt]taata,1,7,4,1.2999999523162842,atta[ttaGAtt]taat,0,0,0,0,0,0,0,0,0,0.1196604073047638,10.3
107042,C,attcttaaccatatatccaataaagctcaattcaggaacataaacaaatTCtttgttgaacgtttcaaagtcgaacgaagagtcacgaataacgatatcgg,56,T,1,5,10,-1.2999999523162842,Ctttg[ttgaacgttt]caaag,1,3,6,-2.5,aacaaa[tTC]tttgtt,1,13,4,0.4000000059604645,aaca[taaacaaatTCtt]tgtt,0,0,0,0,0,0,0,0,1,0.3313483595848083,9.7
108673,C,ataatttctccagaacattgatgagacaataatctccgcaatacatttcTCaaatgaataagtttattagacacgtggaagtttgactttttttgtacctt,0,A,0,0,0,,,1,3,5,-1.0,cattt[cTC]aaatg,0,0,0,,,0,0,0,0,0,0,0,0,1,0.5093957781791687,10.8
117590,C,gcgcagaaaatatcttctcctgtaatatctccactctcgataaatctacTCagattattcttaaatgccttattctctggagaaaagatatcagtgtccat,0,A,0,0,0,,,1,4,5,-1.5,aatct[acTC]agatt,1,11,4,1.2999999523162842,ataa[atctacTCaga]ttat,0,0,1,1,0,0,1,1,1,0.4452381134033203,11.5
119494,G,actctgaatatctatttcgtatagtttctaccgttcttccacatctatgTCtagattacaaagtatgtgaccaacttaaaacaaccttcgttcatccgttc,0,T,0,0,0,,,1,4,5,-1.2999999523162842,atcta[GAca]tagat,1,20,5,-0.3000000119209289,cacat[actttgtaatctaGAcatag]atgtg,0,0,0,0,0,0,0,0,0,0.1903758645057678,11.0
120391,G,cacatcgataatttctgaagtgatatcggtactcagtcctttgatttctTCaaatccgagttttagcaatgcctgctcaataatgtttatgacaataataa,56,A,1,5,5,-2.0,tttGA[agaaa]tcaaa,1,4,5,-1.2000000476837158,gattt[GAag]aaatc,0,0,0,,,0,0,0,0,0,0,0,0,0,0.1712029129266739,11.2
125400,G,gcatgtggatcgtctcttaaacttcttaacgattttgcgagttaaatatTCtatttaatacacgttcttctctggaggatgttggtacggaagcgggttca,26,T,0,0,0,,,1,3,7,-1.7000000476837158,ttaaata[GAa]tatttaa,1,6,4,1.2000000476837158,tatt[aaataG]Aata,0,0,0,0,0,0,0,0,1,0.5142150521278381,9.1
130239,C,agacggtagttatcgaacacatcctcactattcatggatgcagaatattTCtattcctagaagtgttggattttatccggatcaagtaaagatttcaaaga,155,T,1,5,4,-1.100000023841858,tTCta[ttcc]tagaa,1,4,5,-0.699999988079071,gaata[ttTC]tattc,0,0,0,,,0,0,0,0,0,0,0,0,0,0.1403580456972122,10.7
136563,C,atcatcatcatcatcatcatcatcatcatcatcatcatcatctatgataTCatcatcttcgatatttattttgctatcttgataatgtcctatatcagttg,23,A,1,5,0,100000.0,atgat[]aTCat,1,3,5,-1.2000000476837158,atgat[aTC]atcat,0,0,0,,,0,0,1,1,0,0,1,1,1,0.4875741899013519,9.7
144401,G,tttatccgtagatatacaacagagtttcataaaaagagaaaagaatgaaTCcattcagtacagtatttgataatagcttttttatgatgtatttagagatg,23,C,0,0,0,,,1,4,5,-2.0999999046325684,gaatg[GAtt]cattc,1,2,5,100000.0,tgaat[gG]Attca,0,0,0,0,0,0,0,0,0,0.1890435218811035,11.1
147459,G,tgaaatctaaaaatcgatgagctgtatgtcaataccggcattattgacaTCgtcaatatggatattatccatttcatcatcatttaaaattgacactacat,0,G,0,0,0,,,1,3,7,-3.299999952316284,tattgac[GAt]gtcaata,0,0,0,,,0,0,1,3,1,2,1,5,1,0.8842669725418091,9.7
148319,G,gaagaatcagaataagtatttttttaaaaaaaataatcgattagtggtaTCaccactacaagagtaccgtaaataaaaagtatttaatacttatttttata,0,A,0,0,0,,,1,3,7,-4.599999904632568,tagtggt[GAt]accacta,1,15,4,0.6000000238418579,ggta[ctcttgtagtggtGA]tacc,0,0,1,1,0,0,1,1,1,0.9350624680519104,9.1
151659,G,taatagattaactatatgatcattataggtttttttacgagttagatagTCatctatcatctttccagtgactgtggatcgctgaggaaagttaagatatt,23,A,1,5,16,-1.0,agtca[ctggaaagatgataga]tGAct,1,4,5,-1.2000000476837158,tagat[GAct]atcta,1,4,5,-1.7000000476837158,gatag[atGA]ctatc,0,0,0,0,0,0,0,0,0,0.1915885210037231,10.9
152437,G,gttatccttataaaagctcataaacttgttaactatacaatcgataattTCattatcgtctaatgaattaatcaactcgttctgatagatctcttgatcta,0,A,1,7,5,-3.4000000953674316,ttcatta[gacga]taatGAa,1,3,7,-3.5,cgataat[GAa]attatcg,1,16,5,1.100000023841858,taatt[cattagacgataatGA]aatta,0,0,0,0,1,2,1,2,1,0.8853945136070251,9.6
153714,C,gatggattcgatatgacagacattccattgtatgaacgaagatcttttcTCaaagatgttatggtcgaaatacccaatagaatagtattctcagagttgac,0,A,0,0,0,,,1,4,6,-2.4000000953674316,atcttt[tcTC]aaagat,1,17,4,1.2999999523162842,tttc[TCaaagatgttatggtc]gaaa,0,0,0,0,0,0,0,0,1,0.3738897442817688,11.8
154098,G,actaccaaccactctggaatttttttgggatccttgttaattttaaccaTCgttaattggtcttgcaaaacccttaacgtattatcatcgtgaccggaaca,0,G,1,6,17,-1.600000023841858,cgttaa[gggttttgcaagaccaa]ttaacG,1,4,5,-1.5,ttaac[GAtg]gttaa,1,8,4,-1.2000000476837158,acca[attaacGA]tggt,0,0,1,1,0,0,1,1,1,0.4660790860652923,11.7
158951,C,cactttttatactaatatgacacaattaccaatacttttgttactaataTCattagtatacgctacaccttctcctcagacatctaaaaaaataggtgatg,145,A,0,0,0,,,1,3,7,-2.4000000953674316,tactaat[aTC]attagta,1,18,5,0.800000011920929,atact[tttgttactaataTCatt]agtat,0,0,0,0,0,0,0,0,1,0.4621408879756927,9.7
163238,C,tttaactaactaactaactaactaactcttatatactattaataatacaTCtattaatcattgattagcttattgctttaattgtttttgtaaactaacac,0,T,0,0,0,,,1,4,5,0.1000000014901161,taata[caTC]tatta,1,17,4,2.200000047683716,taat[acaTCtattaatcattg]atta,0,0,0,0,0,0,0,0,0,0.0959051102399826,11.8
165305,G,aactgtgcacattttcttgcatggattttcgtatttccatttatctgttTCacagacagcatttggatccaaagaatgatatcctgaatcacatgtaaacg,56,A,0,0,0,,,1,3,5,-2.0999999046325684,tctgt[GAa]acaga,1,7,4,-0.5,ctgt[ctgtGAa]acag,0,0,0,0,0,0,0,0,1,0.4867922663688659,9.6
165534,G,tagtcatatattccccaaatgagtatttttctttaactggttgacacgaTCcgtgttctaattgaagaggttgacattccgcattaggacacgtgacagta,98,C,0,0,0,,,1,3,5,-3.0999999046325684,acacg[GAt]cgtgt,0,0,0,,,0,0,0,0,0,0,0,0,1,0.5267379283905029,10.1
166723,G,ctgcacctattacaaataaaaacgttattagttttttatacatttaaaaTCttaaaattttaactagtatatcgaaataattatttatacaaactaactag,0,T,0,0,0,,,1,4,5,-0.699999988079071,tttaa[GAtt]ttaaa,1,6,7,-1.899999976158142,ttaaaat[tttaaG]Attttaa,0,0,0,0,0,0,0,0,0,0.1293138861656189,10.3
168101,G,ttagttatgaatatttagtcaagaatgctaagaaaagttgtaacatcatTCgatgtgctaccgagaaatttagtcaaataagattgagactgtttattaaa,0,G,1,5,19,-0.1000000014901161,GAatg[atgttacaacttttcttag]cattc,1,4,5,-2.700000047683716,acatc[GAat]gatgt,0,0,0,,,0,0,0,0,0,0,0,0,1,0.5156079530715942,10.7
175890,G,atcactctcactgttcataccagttctatcataatcatcataataatatTCattataattttcataatcgctagatgaataatattgatagtaaccgttgt,56,A,0,0,0,,,1,4,5,-0.5,ataat[GAat]attat,0,0,0,,,0,0,0,0,0,0,0,0,0,0.1262015700340271,10.1
181495,C,tcatgacattcaattggagcatgtagaagacaataaagatagtgtagcaTCgctaccgtacaagtatctacaagtagtcaaacaaagagaacgtagtagat,145,G,0,0,0,,,1,3,5,-2.0999999046325684,gtagc[aTC]gctac,1,12,4,0.699999988079071,tgta[gcaTCgctaccg]taca,0,0,0,0,1,1,1,1,1,0.5841427445411682,10.1
185653,C,agtgagaaataaaaatatagactttggatataactatggagatattattTCtaatatggtttatctacaatctactagtcaggattatggagatggtacca,155,T,0,0,0,,,1,4,6,-0.8999999761581421,atatta[ttTC]taatat,1,3,4,0.8999999761581421,tatt[TCt]aata,0,0,0,0,0,0,0,0,0,0.1801832467317581,10.7
188491,C,cggtctgtgtcgccaccatggtcacaccgagcctctgcgtgctcctccaTCgaggacgacttcaactatgacagctcggtggcgtctgccagcgtgtacat,0,G,1,4,20,-0.3000000119209289,Cgag[gacgacttcaactatgacag]ctcg,1,4,5,-2.799999952316284,tcctc[caTC]gagga,0,0,0,,,0,0,1,4,1,1,1,5,1,0.6257573366165161,12.5
188775,C,tgaacatcccctgaatctgtacatactttgtggatttacactgttagaaTCtctaacgctggcctctgttgttactttctatgatgcacgtatcgttatgc,0,T,1,4,11,0.699999988079071,gatt[tacactgttag]aaTC,1,3,6,-2.200000047683716,gttaga[aTC]tctaac,0,0,0,,,0,0,0,0,0,0,0,0,1,0.4298655390739441,9.7
190278,G,tatttgattcttacttattgtgggattgtagtttacttagtaattcatcTCtgaatcctgataaatcatgcatatcaatgatgcaactacgcagcaaacta,0,T,0,0,0,,,1,4,5,-1.899999976158142,attca[GAga]tgaat,0,0,0,,,0,0,0,0,0,0,0,0,1,0.2343970537185669,10.7
196084,C,atcacgcgtgaagaagctctggctatgatcaaagactgtgagatgtctaTCgacatcagatgtagcgaagaagagaaagacagtgacatcaagacccatcc,0,G,0,0,0,,,1,4,6,-3.5999999046325684,gatgtc[taTC]gacatc,0,0,0,,,0,0,1,1,0,0,1,1,1,0.8110522627830505,10.9
