position,nucleotide,context_pm50,grantham,third_nt,in_stem,stem_length,stem_loop_length,stem_energy,stem_hairpin_sequence,in_loop_boundary,loop_boundary_length,loop_boundary_stem_length,loop_boundary_energy,loop_boundary_hairpin_sequence,in_loop_other,loop_other_length,loop_other_stem_length,loop_other_energy,loop_other_hairpin_sequence,ds1_mutation,ds1_independent_events,ds2_mutation,ds2_independent_events,ds3_mutation,ds3_independent_events,any_mutation,total_independent_events,pred_class,pred_prob
1126,G,atcacgcgtgaagaagctctggctatgatcaaagactgtgagatgtctaTCgacatcagatgtagcgaagaagagaaagacagtgacatcaagacccatcc,0,G,0,0,0,,,1,4,6,10.1,gatgtc[GAta]gacatc,0,0,0,,,0,0,1,1,0,0,1,1,1,0.7450676560401917
13686,C,tttaatttgacacatatcagcaatttctttttcgcagtcggttatatatTCtatataagatggatacgtatcacatatgtacttatagtctactaatatga,56,T,0,0,0,,,1,3,7,9.7,ttatata[tTC]tatataa,1,3,5,9.6,tatat[TCt]atata,0,0,1,2,0,0,1,2,1,0.3967321813106537
14070,C,acaataataaagtatactacgtccatgtttatctattttgtttatatcaTCgatatacggcttacaaatttctagtatcgataacacttctgactcgtgaa,23,G,1,7,20,34.7,aTCgata[tacggcttacaaatttctag]tatcgat,1,3,6,10.1,tatatc[aTC]gatata,0,0,0,,,0,0,0,0,0,0,0,0,1,0.3456710875034332
17437,C,ccatcgtaataccatgtttaagatagtatattctctagttactacgatcTCatcgttgtctagaatatcgcatactgaatctacatccaattttagaaatt,56,A,0,0,0,,,1,3,5,10.8,acgat[cTC]atcgt,1,18,4,32.6,cgat[cTCatcgttgtctagaat]atcg,0,0,0,0,1,1,1,1,1,0.4775543212890625
17771,G,atcatggatatgaacaggttaaatcttgataaactaaaacacgaaaataTCttttctgataatattatagaggatgccaaagagttcatctttggatctag,0,T,1,4,6,13.8,tatc[agaaaa]GAta,1,4,5,9.6,gaaaa[GAta]ttttc,1,11,5,20.5,aatat[tatcagaaaaG]Atatt,0,0,0,0,0,0,0,0,0,0.11431578546762466
22616,G,ctgatccaacaaagattaatccccattacttacaccccaagaataaataTCtttatcataattctgagtatagtatgcgtggtagttatggagtgacattt,22,T,1,4,7,13.5,aaGA[tatttat]tctt,1,4,5,9.6,ataaa[GAta]tttat,1,16,5,25.2,agaat[tatgataaaGAtattt]attct,0,0,0,0,0,0,0,0,0,0.10624779015779495
23353,C,gagttcctcgtttttgctaattatttcgtccaatttattattcttgacaTCgtcaagatcttttgtataggagtcagacttgtattcaacatgtttttcta,23,G,0,0,0,,,1,3,7,10.1,tcttgac[aTC]gtcaaga,0,0,0,,,0,0,1,3,1,2,1,5,1,0.3664551377296448
24645,G,tctcaattagggaataaaatgtacaatcttaaactccctagattttctaTCgaaaacaagagggatattaagtcgatagccgaaatgatggctcctagtat,0,G,1,7,19,32.6,ctatcga[cttaatatccctcttgttt]tcGAtag,1,4,5,10.1,ttttc[GAta]gaaaa,0,0,0,,,0,0,0,0,1,1,1,1,1,0.7004127502441406
29727,C,ttaacaaatctaactggtgagttaatattcatgttgaacataaaaaataTCattttatttcaaaattatttaccattccattccatcccatatattccatg,10,A,0,0,0,,,1,3,5,9.7,aaaat[aTC]atttt,1,6,4,13.1,aaaa[ataTCa]tttt,0,0,0,0,0,0,0,0,0,0.26756495237350464
29887,C,cctatcaatagcagtttattatccactatgatcaattctggattatcccTCggataaataggatcatctatcagagtccatgtattgctggattcacaata,0,G,0,0,0,,,1,3,6,11.4,ttatcc[cTC]ggataa,1,12,4,22.6,atcc[cTCggataaata]ggat,0,0,1,3,1,7,1,10,1,0.7543748617172241
31674,C,cacgctttttaagccaaaatatggaagcgaatgatccggaaaagaagatTCcttctactgcagcaaaggcaataagtctctctccataaccggcgctgtca,98,C,1,4,15,29.3,gaat[gatccggaaaagaag]atTC,1,4,5,11.7,agaag[atTC]cttct,0,0,0,,,0,0,0,0,0,0,0,0,0,0.27031761407852173
33788,G,atccacgaattatatcatataatcctccaccaaaatagagtatatcatcTCatgatgtataactactgacatagtttcaatgtgaactttttactttctta,0,A,0,0,0,,,1,3,5,10.2,atcat[GAg]atgat,1,4,4,10.3,catc[atGA]gatg,0,0,1,1,0,0,1,1,1,0.7104445695877075
35134,G,aggatttaaatctttggtacaatacataaagtttatctttttacagatgTCtctgttatacattaaaatctacgaactaccctgttgtgacaactttttac,155,T,0,0,0,,,1,4,5,11.0,acaga[GAca]tctgt,1,9,4,17.8,atgt[ataacagaG]Acat,0,0,0,0,0,0,0,0,0,0.11729954183101654
37839,C,tattctcggatactctattgatgacactagttaagaacatgtcttctatTCtagaaaacgaaaacatcctacatggactcattaaaacttctaacgctcct,26,T,1,4,20,33.9,ctag[ttaagaacatgtcttctatT]Ctag,1,3,5,9.7,ttcta[tTC]tagaa,0,0,0,,,0,0,0,0,0,0,0,0,0,0.1309785544872284
38662,C,accttttgacgacagccattcattaatttctgatatggaatctgtattcTCaataccgtatcgttctaaagccagtgctatatctccctgttcgtgggaac,56,A,0,0,0,,,1,3,5,10.8,gtatt[cTC]aatac,0,0,0,,,1,1,1,1,1,1,1,3,1,0.44227135181427
41954,C,aaaaatatagtagaatttcattttgtttttttctatgctataaatgaatTCtcattttgtatccgcacatactccgttttatatcaataccaaagaaggaa,155,T,0,0,0,,,1,4,6,10.7,aaatga[atTC]tcattt,0,0,0,,,0,0,0,0,0,0,0,0,0,0.2995542585849762
42487,G,tacaaattctgtatatctaatacatgataatatcatgtatacatatttcTCaaatactattctccttagtgataaggggaaggtacatgaaataagtgcca,145,A,0,0,0,,,1,3,5,10.2,tattt[GAg]aaata,1,13,4,23.3,gtat[ttGAgaaatatgt]atac,0,0,0,0,0,0,0,0,0,0.2585402727127075
45274,C,gtctaaaaaccggatagcgtccctaggacgaactactgccattaatatcTCtattatagcttctggacataaatcatctattataccagaattaatgggaa,56,T,1,4,1,2.6,Ctat[t]atag,1,4,5,11.3,taata[tcTC]tatta,0,0,0,,,0,0,0,0,0,0,0,0,0,0.11819005757570267
51951,C,gtatgtcttaatcatattcttatgaaacttggaaacatctcttctagttTCactagtacctttattaattctctcaggtacagattttgaattcgacgatg,56,A,1,7,16,29.6,tgaaact[tggaaacatctcttct]agttTCa,1,3,5,10.2,ctagt[tTC]actag,0,0,0,,,0,0,0,0,0,0,0,0,1,0.33372819423675537
52221,C,aaacacggagtcggtatctccatacacgctacgaaaacgaaatctataaTCtataggcaacgatgttttcacaatcggattaatatctctatcgtccatat,23,T,0,0,0,,,1,3,5,9.7,ctata[aTC]tatag,0,0,0,,,0,0,0,0,0,0,0,0,0,0.1484632045030594
53913,G,caagatcgtacttatttctagatatagagtgtcacttcgataagaagttTCcttctgtatttattaacccaatctcgcatacaagttactgttatatcgat,74,C,0,0,0,,,1,4,5,11.3,agaag[GAaa]cttct,1,17,4,30.5,ataa[atacagaagGAaacttc]ttat,0,0,0,0,0,0,0,0,0,0.17666104435920715
56644,C,taatgtccaaatctatattgtttaatatattatatagatgtagtgtagcTCctacaggaatatctttaactaagtcaatgatttcatcaacagttagatct,98,C,1,4,2,4.1,TCct[ac]agga,1,3,5,12.0,tgtag[cTC]ctaca,0,0,0,,,0,0,1,2,0,0,1,2,1,0.49378103017807007
56852,G,tccaaaattcttgtagagtagatgagtacctaaaagctgtttccttataTCataagaattctttaatggtatcgggaccaaatgtagtcaagcttatgata,83,A,0,0,0,,,1,3,5,9.1,cttat[GAt]ataag,0,0,0,,,0,0,0,0,0,0,0,0,0,0.2214508056640625
57088,G,tcatgttggcgacatgttcatgtatccggaatttgcgaggaaggctttaTCaaagcttatttcaaaaaaattaaacattgaaaaggtgtctagcaagcacc,145,A,1,4,15,30.5,tttG[Ataaagccttcctcg]caaa,1,3,5,9.1,gcttt[GAt]aaagc,0,0,0,,,0,0,0,0,1,1,1,1,1,0.4227926731109619
57351,C,accagtaatttgttcaaaatagtcacgcaattcattttcgggtttaaatTCtttaatatctacaatttcatacgctcctcttttgaaactaaacttattta,56,T,0,0,0,,,1,3,5,9.7,ttaaa[tTC]tttaa,1,13,5,22.7,aaatT[Ctttaatatctac]aattt,0,0,0,0,0,0,0,0,0,0.13548287749290466
62620,G,gacgttcactcctctaaacgcgagtccatacattcctaaaaagatagttTCactattggatttaccatctaatgtggaaataaaagcgatatctagaagcg,145,A,0,0,0,,,1,3,5,9.6,atagt[GAa]actat,1,20,4,33.5,taaa[tccaatagtGAaactatctt]ttta,0,0,0,0,0,0,0,0,0,0.2010103315114975
64296,C,gacgacctttggattttcaccagtatgtattcctttacgtgataaatcaTCgattttcaaatccatttgtgagaagtctatcgccttagatactttttccc,23,G,0,0,0,,,1,3,5,10.1,aaatc[aTC]gattt,1,17,4,31.7,aaat[caTCgattttcaaatcc]attt,0,0,0,0,0,0,0,0,0,0.27206745743751526
66175,C,gggtagagtttttgtccccgctccttttggaggatcacaacaatttattTCtaaatctatgagagatcaacgaaaaggaagagtaggaagagttaatcctg,155,T,1,4,20,34.0,ttTC[taaatctatgagagatcaac]gaaa,1,4,5,10.7,attta[ttTC]taaat,1,2,4,3.8,attT[Ct]aaat,0,0,0,0,0,0,0,0,0,0.12703058123588562
68347,G,tctacttatatcctttgattctactaattttttagcgaatgcttctacaTCtagaagttatatgagtttttggtgtaaatctattaattcagcgacggagt,155,T,0,0,0,,,1,4,6,11.4,cttcta[GAtg]tagaag,0,0,0,,,0,0,0,0,1,1,1,1,1,0.3086044490337372
69773,C,tgaatcaccatcctttaaaaaaaatgataagatatcaacatggagtataTCatactcggattttaattcttctactgcctcactgacattttcacaaatac,23,A,1,6,18,30.6,atgata[agatatcaacatggagta]taTCat,1,3,6,9.7,gagtat[aTC]atactc,0,0,0,,,0,0,0,0,0,0,0,0,0,0.2555263042449951
70775,G,tataaattcttgaacagtgcattgacaaggaggaatatacgagtagacaTCgtctaaattagcgtaatcgtttataaacgtaacaatattacgcacgtcta,23,G,1,4,7,16.5,acGA[tgtctac]tcgt,1,3,5,9.7,tagac[GAt]gtcta,0,0,0,,,0,0,0,0,1,3,1,3,1,0.4602625072002411
75565,G,tcgtctagacgatcagcgataacttccatgttaatctattaaaatattaTCaatatattttcagttttgtatatccgtggtagcaataatcatcggagaag,0,A,0,0,0,,,1,3,5,9.1,atatt[GAt]aatat,1,7,7,14.2,aaaatat[attGAta]atatttt,0,0,0,0,1,1,1,1,1,0.7500593662261963
83815,G,catagaacttttcaaagatagtaatagccgtttcttttgtaattctaatTCtagaaggattaagatgcgtcaagaatatatactccataaaatctatatta,26,T,1,5,20,36.3,attct[tgacgcatcttaatccttct]aGAat,1,4,5,10.3,ttcta[GAat]tagaa,1,9,4,19.4,taat[ccttctaGA]atta,0,0,0,0,0,0,0,0,0,0.13408231735229492
84933,G,aaagtcttctgtttcttctatctccttgatcttttgagaagatatcttaTCagatagtttcctttccattctcatgagaagacccaagtcgataaagtatt,23,A,1,4,1,3.8,tatc[t]GAta,1,4,5,10.1,tatct[GAta]agata,0,0,0,,,0,0,0,0,0,0,0,0,0,0.2363254725933075
88708,G,agatatcaagtacgtatatttagaaaatactggaaaaatttataaaaatTCtttttccgaagaccataacaacagtctatctgattggggtaaagttatta,155,T,1,4,6,16.6,tctt[cggaaa]aaGA,1,3,5,9.1,aaaaa[GAa]ttttt,0,0,0,,,0,0,0,0,0,0,0,0,0,0.12444273382425308
92160,G,aaagtctatcgtaaagttttttgtttttgcttgaataagattgactaatTCtagtcggatagaggatccatatttcttgtaatccaaaaatatatgacgtt,56,T,1,4,6,17.0,tcta[tccgac]taGA,1,4,5,10.3,gacta[GAat]tagtc,0,0,0,,,0,0,0,0,0,0,0,0,0,0.11558668315410614
92444,G,agattttccagatccagacctactatatcttgtttaggcaacataaaagTCtttataggtgcgttaataggtggagaaagaattacattctctggagaagc,0,T,1,4,1,3.7,aaaG[A]cttt,1,4,5,11.1,ataaa[GAct]tttat,0,0,0,,,0,0,0,0,0,0,0,0,0,0.113302081823349
93003,G,agaaccatattctttaggaaagcctttatcgttggtaaatttcttatacTCtataaagatagacgactctccaaagataattggttcactggacatgtacc,56,T,1,5,4,10.6,tctat[cttt]ataGA,1,3,5,10.3,ttata[GAg]tataa,1,10,4,17.9,tctt[tataGAgtat]aaga,0,0,0,0,0,0,0,0,0,0.1299150288105011
93376,G,acggccctctagttcgtttattagtaaaataactaacttctggatttaaTCtaaatttatcgttgttggcagcgtattgatgtccaacatccgatagttta,26,T,1,4,1,2.6,GAtt[a]aatc,1,3,5,9.3,attta[GAt]taaat,0,0,0,,,0,0,0,0,0,0,0,0,0,0.1452627182006836
95650,C,atcaccaaattttacaaaaaaatcaattaaggagatagcttcatctataTCtagattaaccggagtaattgattataaaggttataaccttaatataatag,155,T,1,5,10,20.2,agata[gcttcatcta]taTCt,1,4,5,10.2,atcta[taTC]tagat,0,0,0,,,0,0,0,0,0,0,0,0,0,0.10940676927566528
96289,G,tacacagtttgacacctcgataataaaatcttgaatagccgttaaataaTCtatttcgtctagacacgcgtctaaatctacatccatgaaaattctgacta,23,T,1,5,12,23.1,aataG[Attatttaacgg]ctatt,1,3,5,9.3,aaata[GAt]tattt,0,0,0,,,0,0,0,0,0,0,0,0,0,0.12080783396959305
98122,G,agataccaacagagtacctattttgagatagaatgcaaagtccggaatcTCttccggtgtaggatatagtttcataataggaatatgatattttttgtacc,56,T,1,5,17,33.4,GAgat[tccggactttgcattct]atctc,1,4,6,10.7,ccggaa[GAga]ttccgg,0,0,0,,,0,0,0,0,1,1,1,1,1,0.3745376765727997
105613,G,cctcagcgcacgcaataaactgttcaaacgtgaacgagatgctattaaaTCtaataatcatctcactgaaaacaatctatacattagcgattataagatgt,155,T,1,4,8,17.1,aGAt[ttaatagc]atct,1,4,5,10.3,tatta[GAtt]taata,1,7,4,14.6,atta[ttaGAtt]taat,0,0,0,0,0,0,0,0,0,0.10422845184803009
107042,C,attcttaaccatatatccaataaagctcaattcaggaacataaacaaatTCtttgttgaacgtttcaaagtcgaacgaagagtcacgaataacgatatcgg,56,T,1,5,10,21.9,Ctttg[ttgaacgttt]caaag,1,3,6,9.7,aacaaa[tTC]tttgtt,1,13,4,22.5,aaca[taaacaaatTCtt]tgtt,0,0,0,0,0,0,0,0,0,0.275668740272522
108673,C,ataatttctccagaacattgatgagacaataatctccgcaatacatttcTCaaatgaataagtttattagacacgtggaagtttgactttttttgtacctt,0,A,0,0,0,,,1,3,5,10.8,cattt[cTC]aaatg,0,0,0,,,0,0,0,0,0,0,0,0,1,0.5558421611785889
117590,C,gcgcagaaaatatcttctcctgtaatatctccactctcgataaatctacTCagattattcttaaatgccttattctctggagaaaagatatcagtgtccat,0,A,0,0,0,,,1,4,5,11.5,aatct[acTC]agatt,1,11,4,20.7,ataa[atctacTCaga]ttat,0,0,1,1,0,0,1,1,1,0.6030051708221436
119494,G,actctgaatatctatttcgtatagtttctaccgttcttccacatctatgTCtagattacaaagtatgtgaccaacttaaaacaaccttcgttcatccgttc,0,T,0,0,0,,,1,4,5,11.0,atcta[GAca]tagat,1,20,5,32.5,cacat[actttgtaatctaGAcatag]atgtg,0,0,0,0,0,0,0,0,0,0.14093172550201416
120391,G,cacatcgataatttctgaagtgatatcggtactcagtcctttgatttctTCaaatccgagttttagcaatgcctgctcaataatgtttatgacaataataa,56,A,1,5,5,11.1,tttGA[agaaa]tcaaa,1,4,5,11.2,gattt[GAag]aaatc,0,0,0,,,0,0,0,0,0,0,0,0,0,0.2415924370288849
125400,G,gcatgtggatcgtctcttaaacttcttaacgattttgcgagttaaatatTCtatttaatacacgttcttctctggaggatgttggtacggaagcgggttca,26,T,0,0,0,,,1,3,7,9.1,ttaaata[GAa]tatttaa,1,6,4,13.1,tatt[aaataG]Aata,0,0,0,0,0,0,0,0,1,0.3485005497932434
130239,C,agacggtagttatcgaacacatcctcactattcatggatgcagaatattTCtattcctagaagtgttggattttatccggatcaagtaaagatttcaaaga,155,T,1,5,4,11.5,tTCta[ttcc]tagaa,1,4,5,10.7,gaata[ttTC]tattc,0,0,0,,,0,0,0,0,0,0,0,0,0,0.10594628751277924
136563,C,atcatcatcatcatcatcatcatcatcatcatcatcatcatctatgataTCatcatcttcgatatttattttgctatcttgataatgtcctatatcagttg,23,A,1,5,0,1.17,atgat[]aTCat,1,3,5,9.7,atgat[aTC]atcat,0,0,0,,,0,0,1,1,0,0,1,1,1,0.4643508791923523
144401,G,tttatccgtagatatacaacagagtttcataaaaagagaaaagaatgaaTCcattcagtacagtatttgataatagcttttttatgatgtatttagagatg,23,C,0,0,0,,,1,4,5,11.1,gaatg[GAtt]cattc,1,2,5,4.6,tgaat[gG]Attca,0,0,0,0,0,0,0,0,0,0.18114903569221497
147459,G,tgaaatctaaaaatcgatgagctgtatgtcaataccggcattattgacaTCgtcaatatggatattatccatttcatcatcatttaaaattgacactacat,0,G,0,0,0,,,1,3,7,9.7,tattgac[GAt]gtcaata,0,0,0,,,0,0,1,3,1,2,1,5,1,0.759192943572998
148319,G,gaagaatcagaataagtatttttttaaaaaaaataatcgattagtggtaTCaccactacaagagtaccgtaaataaaaagtatttaatacttatttttata,0,A,0,0,0,,,1,3,7,9.1,tagtggt[GAt]accacta,1,15,4,28.7,ggta[ctcttgtagtggtGA]tacc,0,0,1,1,0,0,1,1,1,0.7340775728225708
151659,G,taatagattaactatatgatcattataggtttttttacgagttagatagTCatctatcatctttccagtgactgtggatcgctgaggaaagttaagatatt,23,A,1,5,16,28.6,agtca[ctggaaagatgataga]tGAct,1,4,5,10.9,tagat[GAct]atcta,1,4,5,11.2,gatag[atGA]ctatc,0,0,0,0,0,0,0,0,0,0.25386717915534973
152437,G,gttatccttataaaagctcataaacttgttaactatacaatcgataattTCattatcgtctaatgaattaatcaactcgttctgatagatctcttgatcta,0,A,1,7,5,13.2,ttcatta[gacga]taatGAa,1,3,7,9.6,cgataat[GAa]attatcg,1,16,5,28.8,taatt[cattagacgataatGA]aatta,0,0,0,0,1,2,1,2,1,0.5471005439758301
153714,C,gatggattcgatatgacagacattccattgtatgaacgaagatcttttcTCaaagatgttatggtcgaaatacccaatagaatagtattctcagagttgac,0,A,0,0,0,,,1,4,6,11.8,atcttt[tcTC]aaagat,1,17,4,31.4,tttc[TCaaagatgttatggtc]gaaa,0,0,0,0,0,0,0,0,1,0.4514399766921997
154098,G,actaccaaccactctggaatttttttgggatccttgttaattttaaccaTCgttaattggtcttgcaaaacccttaacgtattatcatcgtgaccggaaca,0,G,1,6,17,32.9,cgttaa[gggttttgcaagaccaa]ttaacG,1,4,5,11.7,ttaac[GAtg]gttaa,1,8,4,16.3,acca[attaacGA]tggt,0,0,1,1,0,0,1,1,1,0.7328330874443054
158951,C,cactttttatactaatatgacacaattaccaatacttttgttactaataTCattagtatacgctacaccttctcctcagacatctaaaaaaataggtgatg,145,A,0,0,0,,,1,3,7,9.7,tactaat[aTC]attagta,1,18,5,28.7,atact[tttgttactaataTCatt]agtat,0,0,0,0,0,0,0,0,0,0.17950080335140228
163238,C,tttaactaactaactaactaactaactcttatatactattaataatacaTCtattaatcattgattagcttattgctttaattgtttttgtaaactaacac,0,T,0,0,0,,,1,4,5,11.8,taata[caTC]tatta,1,17,4,27.9,taat[acaTCtattaatcattg]atta,0,0,0,0,0,0,0,0,0,0.14974644780158997
165305,G,aactgtgcacattttcttgcatggattttcgtatttccatttatctgttTCacagacagcatttggatccaaagaatgatatcctgaatcacatgtaaacg,56,A,0,0,0,,,1,3,5,9.6,tctgt[GAa]acaga,1,7,4,17.3,ctgt[ctgtGAa]acag,0,0,0,0,0,0,0,0,0,0.26234373450279236
165534,G,tagtcatatattccccaaatgagtatttttctttaactggttgacacgaTCcgtgttctaattgaagaggttgacattccgcattaggacacgtgacagta,98,C,0,0,0,,,1,3,5,10.1,acacg[GAt]cgtgt,0,0,0,,,0,0,0,0,0,0,0,0,0,0.21926845610141754
166723,G,ctgcacctattacaaataaaaacgttattagttttttatacatttaaaaTCttaaaattttaactagtatatcgaaataattatttatacaaactaactag,0,T,0,0,0,,,1,4,5,10.3,tttaa[GAtt]ttaaa,1,6,7,13.6,ttaaaat[tttaaG]Attttaa,0,0,0,0,0,0,0,0,0,0.1284053772687912
168101,G,ttagttatgaatatttagtcaagaatgctaagaaaagttgtaacatcatTCgatgtgctaccgagaaatttagtcaaataagattgagactgtttattaaa,0,G,1,5,19,32.8,GAatg[atgttacaacttttcttag]cattc,1,4,5,10.7,acatc[GAat]gatgt,0,0,0,,,0,0,0,0,0,0,0,0,1,0.6066862344741821
175890,G,atcactctcactgttcataccagttctatcataatcatcataataatatTCattataattttcataatcgctagatgaataatattgatagtaaccgttgt,56,A,0,0,0,,,1,4,5,10.1,ataat[GAat]attat,0,0,0,,,0,0,0,0,0,0,0,0,0,0.1991964876651764
181495,C,tcatgacattcaattggagcatgtagaagacaataaagatagtgtagcaTCgctaccgtacaagtatctacaagtagtcaaacaaagagaacgtagtagat,145,G,0,0,0,,,1,3,5,10.1,gtagc[aTC]gctac,1,12,4,27.7,tgta[gcaTCgctaccg]taca,0,0,0,0,1,1,1,1,1,0.34665676951408386
185653,C,agtgagaaataaaaatatagactttggatataactatggagatattattTCtaatatggtttatctacaatctactagtcaggattatggagatggtacca,155,T,0,0,0,,,1,4,6,10.7,atatta[ttTC]taatat,1,3,4,9.6,tatt[TCt]aata,0,0,0,0,0,0,0,0,0,0.2937287390232086
188491,C,cggtctgtgtcgccaccatggtcacaccgagcctctgcgtgctcctccaTCgaggacgacttcaactatgacagctcggtggcgtctgccagcgtgtacat,0,G,1,4,20,37.9,Cgag[gacgacttcaactatgacag]ctcg,1,4,5,12.5,tcctc[caTC]gagga,0,0,0,,,0,0,1,4,1,1,1,5,1,0.6743574142456055
188775,C,tgaacatcccctgaatctgtacatactttgtggatttacactgttagaaTCtctaacgctggcctctgttgttactttctatgatgcacgtatcgttatgc,0,T,1,4,11,21.3,gatt[tacactgttag]aaTC,1,3,6,9.7,gttaga[aTC]tctaac,0,0,0,,,0,0,0,0,0,0,0,0,0,0.2833250164985657
190278,G,tatttgattcttacttattgtgggattgtagtttacttagtaattcatcTCtgaatcctgataaatcatgcatatcaatgatgcaactacgcagcaaacta,0,T,0,0,0,,,1,4,5,10.7,attca[GAga]tgaat,0,0,0,,,0,0,0,0,0,0,0,0,0,0.13023601472377777
196084,C,atcacgcgtgaagaagctctggctatgatcaaagactgtgagatgtctaTCgacatcagatgtagcgaagaagagaaagacagtgacatcaagacccatcc,0,G,0,0,0,,,1,4,6,10.9,gatgtc[taTC]gacatc,0,0,0,,,0,0,1,1,0,0,1,1,1,0.6581668257713318
