dataset	shape	n_mut_total	n_unm_total	g_mut	g_unm	prop_g_mut	prop_g_unm	prop_g_diff	fisher_p	chi2_p	perm_p
dataset1	stem=5,loop=3	1	24	0	3	0	0.125	-0.125	1	1	
dataset1	stem=6,loop=3	0	5	0	2		0.4				
dataset1	stem=7,loop=3	0	8	0	2		0.25				
dataset1	stem=5,loop=4	0	27	0	4		0.148148				
dataset1	stem=6,loop=4	0	7	0	2		0.285714				
dataset1	all_combined	1	73	0	13	0	0.178082	-0.178082	1	1	
dataset2_west_africa	stem=5,loop=3	5	21	0	3	0	0.142857	-0.142857	1	0.904633	1
dataset2_west_africa	stem=6,loop=3	3	4	3	1	1	0.25	0.75	0.142857	0.225269	0.228571
dataset2_west_africa	stem=7,loop=3	9	4	6	0	0.666667	0	0.666667	0.0699301	0.104657	0.0979021
dataset2_west_africa	stem=5,loop=4	6	24	5	2	0.833333	0.0833333	0.75	0.000825228	0.000821609	0.0016
dataset2_west_africa	stem=6,loop=4	2	5	2	0	1	0	1	0.047619	0.08548	0.0952381
dataset2_west_africa	all_combined	25	60	16	6	0.64	0.1	0.54	8.57704e-07	9.22431e-07	0.0002
dataset3_gisaid	stem=5,loop=3	8	19	4	1	0.5	0.0526316	0.447368	0.0171683	0.0285183	0.033
dataset3_gisaid	stem=6,loop=3	7	4	7	1	1	0.25	0.75	0.0242424	0.0473569	0.0484848
dataset3_gisaid	stem=7,loop=3	6	5	4	0	0.666667	0	0.666667	0.0606061	0.0970555	0.0909091
dataset3_gisaid	stem=5,loop=4	2	25	2	2	1	0.08	0.92	0.017094	0.012777	0.034188
dataset3_gisaid	stem=6,loop=4	2	5	0	2	0	0.4	-0.4	1	0.894757	0.952381
dataset3_gisaid	all_combined	25	60	17	6	0.68	0.1	0.58	1.64212e-07	1.8242e-07	0.0002
