target_stem_length	target_loop_length	detected_stem_length	detected_loop_length	unwound_steps	is_unwound	hairpin_start_1b	hairpin_end_1b	loop_start_1b	loop_end_1b	hairpin_length	energy	cruciform_energy	pin_energy	sequence	loop_5p_dinuc	loop_3p_dinuc	tc_3p	ga_5p	n_mut_positions__dataset1	n_mut_observations__dataset1	mutation_positions_1b__dataset1	n_mut_positions__dataset2_west_africa	n_mut_observations__dataset2_west_africa	mutation_positions_1b__dataset2_west_africa	n_mut_positions__dataset3_gisaid	n_mut_observations__dataset3_gisaid	mutation_positions_1b__dataset3_gisaid
5	3	6	1	1	1	6586	6598	6591	6593	13	3.7	3.6999999999999993	-3.9000000000000004	TTTAAGACTTAAA	GA	AC	0	1	0	0		0	0		0	0	
5	3	5	3	0	0	17430	17442	17435	17437	13	10.8	10.799999999999997	-2.600000000000001	ACGATCTCATCGT	CT	TC	1	0	0	0		0	0		1	1	17437
5	3	6	1	1	1	18516	18528	18521	18523	13	3.7	3.6999999999999993	-3.9000000000000004	TTAAAGTCTTTAA	GT	TC	1	0	0	0		0	0		0	0	
5	3	6	1	1	1	28892	28904	28897	28899	13	3.7	3.6999999999999993	-4.0	TTTATGTCATAAA	GT	TC	1	0	0	0		0	0		0	0	
5	3	5	3	0	0	29720	29732	29725	29727	13	9.7	9.7	-0.6999999999999997	AAAATATCATTTT	AT	TC	1	0	0	0		0	0		0	0	
5	3	5	3	0	0	33783	33795	33788	33790	13	10.2	10.200000000000003	-1.7000000000000006	ATCATGAGATGAT	GA	AG	0	1	0	0		1	1	33788	0	0	
5	3	5	3	0	0	37832	37844	37837	37839	13	9.7	9.700000000000003	-1.0999999999999992	TTCTATTCTAGAA	TT	TC	1	0	0	0		0	0		0	0	
5	3	5	3	0	0	38655	38667	38660	38662	13	10.8	10.8	-0.6999999999999997	GTATTCTCAATAC	CT	TC	1	0	1	1	38662	1	1	38662	1	1	38662
5	3	5	3	0	0	42482	42494	42487	42489	13	10.2	10.2	-0.6000000000000001	TATTTGAGAAATA	GA	AG	0	1	0	0		0	0		0	0	
5	3	6	1	1	1	46968	46980	46973	46975	13	3.7	3.700000000000003	-6.1	TTCTCGTCGAGAA	GT	TC	1	0	0	0		0	0		0	0	
5	3	5	3	0	0	51944	51956	51949	51951	13	10.2	10.2	-1.4	CTAGTTTCACTAG	TT	TC	1	0	0	0		0	0		0	0	
5	3	5	3	0	0	52214	52226	52219	52221	13	9.7	9.700000000000001	-0.2999999999999998	CTATAATCTATAG	AT	TC	1	0	0	0		0	0		0	0	
5	3	5	3	0	0	56637	56649	56642	56644	13	12.0	12.000000000000004	-1.6	TGTAGCTCCTACA	CT	TC	1	0	0	0		1	2	56644	0	0	
5	3	5	3	0	0	56847	56859	56852	56854	13	9.1	9.100000000000001	-0.8999999999999999	CTTATGATATAAG	GA	AT	0	1	0	0		0	0		0	0	
5	3	5	3	0	0	57083	57095	57088	57090	13	9.1	9.100000000000001	-2.6	GCTTTGATAAAGC	GA	AT	0	1	0	0		0	0		1	1	57088
5	3	5	3	0	0	57344	57356	57349	57351	13	9.7	9.7	-0.5	TTAAATTCTTTAA	TT	TC	1	0	0	0		0	0		0	0	
5	3	5	3	0	0	62615	62627	62620	62622	13	9.6	9.600000000000001	-1.2999999999999994	ATAGTGAAACTAT	GA	AA	0	1	0	0		0	0		0	0	
5	3	5	3	0	0	64289	64301	64294	64296	13	10.1	10.100000000000001	-1.6	AAATCATCGATTT	AT	TC	1	0	1	1	64297	1	1	64297	1	1	64297
5	3	5	3	0	0	70770	70782	70775	70777	13	9.7	9.700000000000003	-2.1999999999999997	TAGACGATGTCTA	GA	AT	0	1	0	0		0	0		2	8	70775,70780
5	3	5	3	0	0	75560	75572	75565	75567	13	9.1	9.1	-0.5	ATATTGATAATAT	GA	AT	0	1	0	0		0	0		1	1	75565
5	3	5	3	0	0	88703	88715	88708	88710	13	9.1	9.100000000000001	-1.1999999999999997	AAAAAGAATTTTT	GA	AA	0	1	0	0		0	0		0	0	
5	3	5	3	0	0	92998	93010	93003	93005	13	10.3	10.3	-0.10000000000000009	TTATAGAGTATAA	GA	AG	0	1	0	0		0	0		0	0	
5	3	5	3	0	0	93371	93383	93376	93378	13	9.3	9.3	-0.6000000000000001	ATTTAGATTAAAT	GA	AT	0	1	0	0		0	0		0	0	
5	3	5	3	0	0	96284	96296	96289	96291	13	9.3	9.3	-0.6000000000000001	AAATAGATTATTT	GA	AT	0	1	0	0		0	0		0	0	
5	3	6	1	1	1	106323	106335	106328	106330	13	3.7	3.700000000000003	-4.499999999999999	TTCTAGTCTAGAA	GT	TC	1	0	0	0		0	0		0	0	
5	3	5	3	0	0	108666	108678	108671	108673	13	10.8	10.8	-1.2000000000000006	CATTTCTCAAATG	CT	TC	1	0	0	0		0	0		0	0	
5	3	6	1	1	1	115737	115749	115742	115744	13	3.7	3.700000000000001	-4.8	TGTAAGTCTTACA	GT	TC	1	0	0	0		0	0		0	0	
5	3	6	1	1	1	121369	121381	121374	121376	13	3.7	3.6999999999999993	-4.0	TTATTGACAATAA	GA	AC	0	1	0	0		0	0		0	0	
5	3	5	3	0	0	136556	136568	136561	136563	13	9.7	9.7	-1.4000000000000008	ATGATATCATCAT	AT	TC	1	0	0	0		1	1	136563	0	0	
5	3	5	3	0	0	165300	165312	165305	165307	13	9.6	9.600000000000001	-2.6	TCTGTGAAACAGA	GA	AA	0	1	0	0		0	0		1	1	165301
5	3	5	3	0	0	165529	165541	165534	165536	13	10.1	10.100000000000005	-3.6	ACACGGATCGTGT	GA	AT	0	1	0	0		0	0		0	0	
5	3	5	3	0	0	181488	181500	181493	181495	13	10.1	10.100000000000001	-2.9	GTAGCATCGCTAC	AT	TC	1	0	0	0		0	0		1	1	181495
5	3	6	1	1	1	183786	183798	183791	183793	13	3.7	3.700000000000001	-6.3	ACATCGACGATGT	GA	AC	0	1	0	0		0	0		0	0	
5	4	7	0	2	1	1007	1020	1012	1015	14	1.47	1.4700000000000024	-7.699999999999999	TCAACGATCGTTGA	GA	TC	1	1	0	0		0	0		0	0	
5	4	6	2	1	1	9942	9955	9947	9950	14	4.3	4.3000000000000025	-5.3999999999999995	TGATTGTTCAATCA	GT	TC	1	0	0	0		0	0		0	0	
5	4	5	4	0	0	17766	17779	17771	17774	14	9.6	9.600000000000001	-1.4999999999999996	GAAAAGATATTTTC	GA	TA	0	1	0	0		0	0		0	0	
5	4	5	4	0	0	22611	22624	22616	22619	14	9.6	9.600000000000001	-0.6999999999999997	ATAAAGATATTTAT	GA	TA	0	1	0	0		0	0		0	0	
5	4	5	4	0	0	24640	24653	24645	24648	14	10.1	10.100000000000001	-1.9	TTTTCGATAGAAAA	GA	TA	0	1	0	0		0	0		1	1	24645
5	4	5	4	0	0	31666	31679	31671	31674	14	11.7	11.700000000000003	-1.7000000000000006	AGAAGATTCCTTCT	AT	TC	1	0	0	0		0	0		0	0	
5	4	5	4	0	0	35129	35142	35134	35137	14	11.0	11.0	-2.6999999999999997	ACAGAGACATCTGT	GA	CA	0	1	0	0		0	0		2	2	35132,35139
5	4	5	4	0	0	45266	45279	45271	45274	14	11.3	11.299999999999999	0.0	TAATATCTCTATTA	TC	TC	1	0	0	0		0	0		0	0	
5	4	5	4	0	0	53908	53921	53913	53916	14	11.3	11.3	-2.0000000000000004	AGAAGGAAACTTCT	GA	AA	0	1	0	0		0	0		0	0	
5	4	5	4	0	0	66167	66180	66172	66175	14	10.7	10.7	-0.3999999999999999	ATTTATTTCTAAAT	TT	TC	1	0	0	0		0	0		0	0	
5	4	5	4	0	0	83810	83823	83815	83818	14	10.3	10.3	-1.2999999999999994	TTCTAGAATTAGAA	GA	AT	0	1	0	0		0	0		0	0	
5	4	5	4	0	0	84928	84941	84933	84936	14	10.1	10.100000000000001	-1.1999999999999997	TATCTGATAAGATA	GA	TA	0	1	0	0		0	0		0	0	
5	4	5	4	0	0	92155	92168	92160	92163	14	10.3	10.3	-1.6999999999999997	GACTAGAATTAGTC	GA	AT	0	1	0	0		0	0		0	0	
5	4	5	4	0	0	92439	92452	92444	92447	14	11.1	11.100000000000001	-0.6000000000000001	ATAAAGACTTTTAT	GA	CT	0	1	0	0		0	0		0	0	
5	4	5	4	0	0	95642	95655	95647	95650	14	10.2	10.200000000000003	-0.9999999999999996	ATCTATATCTAGAT	TA	TC	1	0	0	0		1	1	95653	0	0	
5	4	5	4	0	0	105608	105621	105613	105616	14	10.3	10.3	-0.20000000000000018	TATTAGATTTAATA	GA	TT	0	1	0	0		0	0		0	0	
5	4	5	4	0	0	117582	117595	117587	117590	14	11.5	11.5	-1.3000000000000003	AATCTACTCAGATT	AC	TC	1	0	0	0		1	1	117590	0	0	
5	4	5	4	0	0	119489	119502	119494	119497	14	11.0	11.000000000000004	-1.2999999999999994	ATCTAGACATAGAT	GA	CA	0	1	0	0		0	0		0	0	
5	4	5	4	0	0	120386	120399	120391	120394	14	11.2	11.200000000000003	-1.3000000000000003	GATTTGAAGAAATC	GA	AG	0	1	0	0		0	0		0	0	
5	4	5	4	0	0	130231	130244	130236	130239	14	10.7	10.700000000000003	-0.6999999999999997	GAATATTTCTATTC	TT	TC	1	0	0	0		0	0		1	1	130231
5	4	5	4	0	0	144396	144409	144401	144404	14	11.1	11.100000000000001	-1.7999999999999994	GAATGGATTCATTC	GA	TT	0	1	0	0		0	0		1	1	144405
5	4	5	4	0	0	151654	151667	151659	151662	14	10.9	10.900000000000002	-1.2000000000000006	TAGATGACTATCTA	GA	CT	0	1	0	0		0	0		0	0	
5	4	5	4	0	0	154093	154106	154098	154101	14	11.7	11.7	-1.5000000000000004	TTAACGATGGTTAA	GA	TG	0	1	0	0		1	1	154098	0	0	
5	4	5	4	0	0	163230	163243	163235	163238	14	11.8	11.8	0.09999999999999964	TAATACATCTATTA	CA	TC	1	0	0	0		0	0		0	0	
5	4	5	4	0	0	166718	166731	166723	166726	14	10.3	10.3	-0.6999999999999997	TTTAAGATTTTAAA	GA	TT	0	1	0	0		0	0		0	0	
5	4	5	4	0	0	168096	168109	168101	168104	14	10.7	10.700000000000003	-2.6999999999999997	ACATCGAATGATGT	GA	AT	0	1	0	0		0	0		0	0	
5	4	5	4	0	0	175885	175898	175890	175893	14	10.1	10.1	-0.5	ATAATGAATATTAT	GA	AT	0	1	0	0		0	0		0	0	
5	4	6	2	1	1	184934	184947	184939	184942	14	3.7	3.700000000000003	-4.999999999999999	TTCTAGAACTAGAA	GA	AC	0	1	0	0		1	1	184936	2	2	184936,184945
5	4	5	4	0	0	188483	188496	188488	188491	14	12.5	12.500000000000004	-2.8000000000000003	TCCTCCATCGAGGA	CA	TC	1	0	0	0		1	4	188491	1	1	188491
5	4	5	4	0	0	190273	190286	190278	190281	14	10.7	10.700000000000003	-1.9	ATTCAGAGATGAAT	GA	GA	0	1	0	0		0	0		1	1	190276
5	4	7	0	2	1	196190	196203	196195	196198	14	1.47	1.4700000000000024	-7.699999999999999	TCAACGATCGTTGA	GA	TC	1	1	0	0		0	0		0	0	
6	3	6	3	0	0	14062	14076	14068	14070	15	10.1	10.100000000000001	-1.6999999999999997	TATATCATCGATATA	AT	TC	1	0	0	0		1	1	14067	0	0	
6	3	6	3	0	0	29879	29893	29885	29887	15	11.4	11.400000000000002	-2.6999999999999997	TTATCCCTCGGATAA	CT	TC	1	0	0	0		2	4	29887,29889	1	7	29887
6	3	6	3	0	0	69765	69779	69771	69773	15	9.7	9.700000000000003	-2.3000000000000003	GAGTATATCATACTC	AT	TC	1	0	0	0		0	0		0	0	
6	3	7	1	1	1	81148	81162	81154	81156	15	3.7	3.700000000000003	-6.0	CGTATAGTCTATACG	GT	TC	1	0	0	0		0	0		1	1	81156
6	3	6	3	0	0	107034	107048	107040	107042	15	9.7	9.700000000000003	-2.8000000000000003	AACAAATTCTTTGTT	TT	TC	1	0	0	0		0	0		0	0	
6	3	7	1	1	1	124797	124811	124803	124805	15	3.7	3.700000000000003	-6.4	TAGATGGACCATCTA	GA	AC	0	1	0	0		0	0		0	0	
6	3	7	1	1	1	130292	130306	130298	130300	15	3.7	3.700000000000003	-6.1	TTTTCTGTCAGAAAA	GT	TC	1	0	0	0		0	0		0	0	
6	3	6	3	0	0	188767	188781	188773	188775	15	9.7	9.700000000000003	-2.4999999999999996	GTTAGAATCTCTAAC	AT	TC	1	0	0	0		0	0		0	0	
6	4	6	4	0	0	1120	1135	1126	1129	16	10.1	10.100000000000001	-3.9999999999999996	GATGTCGATAGACATC	GA	TA	0	1	0	0		1	1	1126	0	0	
6	4	6	4	0	0	41945	41960	41951	41954	16	10.7	10.700000000000006	-2.6	AAATGAATTCTCATTT	AT	TC	1	0	0	0		0	0		0	0	
6	4	6	4	0	0	68341	68356	68347	68350	16	11.4	11.400000000000002	-2.4999999999999996	CTTCTAGATGTAGAAG	GA	TG	0	1	0	0		0	0		1	1	68347
6	4	6	4	0	0	98116	98131	98122	98125	16	10.7	10.700000000000006	-5.299999999999999	CCGGAAGAGATTCCGG	GA	GA	0	1	0	0		0	0		1	1	98122
6	4	6	4	0	0	153705	153720	153711	153714	16	11.8	11.799999999999997	-2.3000000000000003	ATCTTTTCTCAAAGAT	TC	TC	1	0	0	0		0	0		1	1	153718
6	4	6	4	0	0	185644	185659	185650	185653	16	10.7	10.700000000000003	-0.8999999999999999	ATATTATTTCTAATAT	TT	TC	1	0	0	0		0	0		0	0	
6	4	6	4	0	0	196075	196090	196081	196084	16	10.9	10.899999999999999	-3.599999999999999	GATGTCTATCGACATC	TA	TC	1	0	0	0		1	1	196084	0	0	
7	3	7	3	0	0	13677	13693	13684	13686	17	9.7	9.7	-1.4999999999999996	TTATATATTCTATATAA	TT	TC	1	0	0	0		1	2	13686	0	0	
7	3	8	1	1	1	16393	16409	16400	16402	17	3.7	3.700000000000003	-7.5	TAATACCGACGGTATTA	GA	AC	0	1	0	0		0	0		0	0	
7	3	7	3	0	0	23344	23360	23351	23353	17	10.1	10.100000000000001	-5.199999999999999	TCTTGACATCGTCAAGA	AT	TC	1	0	0	0		1	3	23353	4	5	23345,23353,23356,23359
7	3	7	3	0	0	43495	43511	43502	43504	17	9.7	9.7	-2.9	AAAAAAAATCTTTTTTT	AT	TC	1	0	0	0		0	0		0	0	
7	3	7	3	0	0	125393	125409	125400	125402	17	9.1	9.100000000000001	-2.2999999999999994	TTAAATAGAATATTTAA	GA	AA	0	1	0	0		0	0		0	0	
7	3	7	3	0	0	147452	147468	147459	147461	17	9.7	9.700000000000003	-4.299999999999999	TATTGACGATGTCAATA	GA	AT	0	1	0	0		1	3	147459	1	2	147459
7	3	7	3	0	0	148312	148328	148319	148321	17	9.1	9.100000000000001	-5.1	TAGTGGTGATACCACTA	GA	AT	0	1	0	0		1	1	148319	0	0	
7	3	7	3	0	0	152430	152446	152437	152439	17	9.6	9.600000000000001	-4.0	CGATAATGAAATTATCG	GA	AA	0	1	0	0		1	1	152431	2	3	152437,152445
7	3	7	3	0	0	158942	158958	158949	158951	17	9.7	9.7	-2.600000000000001	TACTAATATCATTAGTA	AT	TC	1	0	0	0		0	0		0	0	
7	3	8	1	1	1	171061	171077	171068	171070	17	3.7	3.700000000000003	-7.199999999999999	CAGTATTGACAATACTG	GA	AC	0	1	0	0		0	0		0	0	
7	4	8	2	1	1	138623	138640	138630	138633	18	4.3	4.300000000000001	-7.699999999999999	TGACTATGTTCATAGTCA	GT	TC	1	0	0	0		0	0		0	0	
8	4	8	4	0	0	94376	94395	94384	94387	20	9.6	9.600000000000001	-2.7999999999999994	TATTAATAGATATATTAATA	GA	TA	0	1	0	0		0	0		0	0	
9	4	9	4	0	0	167413	167434	167422	167425	22	11.7	11.700000000000003	-5.999999999999998	TCAATTTTGATTCCAAAATTGA	AT	TC	1	0	0	0		0	0		0	0	
