sig_cells	n_genomes	fraction	cumulative_le	cumulative_ge
10	1	0.0010	0.0010	1.0000
11	1	0.0010	0.0020	0.9990
12	1	0.0010	0.0030	0.9980
13	5	0.0050	0.0080	0.9970
14	5	0.0050	0.0130	0.9920
15	4	0.0040	0.0170	0.9870
16	7	0.0070	0.0240	0.9830
17	10	0.0100	0.0340	0.9760
18	3	0.0030	0.0370	0.9660
19	17	0.0170	0.0540	0.9630
20	17	0.0170	0.0710	0.9460
21	11	0.0110	0.0820	0.9290
22	24	0.0240	0.1060	0.9180
23	24	0.0240	0.1300	0.8940
24	25	0.0250	0.1550	0.8700
25	26	0.0260	0.1810	0.8450
26	35	0.0350	0.2160	0.8190
27	26	0.0260	0.2420	0.7840
28	18	0.0180	0.2600	0.7580
29	30	0.0300	0.2900	0.7400
30	29	0.0290	0.3190	0.7100
31	30	0.0300	0.3490	0.6810
32	31	0.0310	0.3800	0.6510
33	25	0.0250	0.4050	0.6200
34	39	0.0390	0.4440	0.5950
35	47	0.0470	0.4910	0.5560
36	42	0.0420	0.5330	0.5090
37	34	0.0340	0.5670	0.4670
38	20	0.0200	0.5870	0.4330
39	29	0.0290	0.6160	0.4130
40	25	0.0250	0.6410	0.3840
41	29	0.0290	0.6700	0.3590
42	22	0.0220	0.6920	0.3300
43	29	0.0290	0.7210	0.3080
44	23	0.0230	0.7440	0.2790
45	36	0.0360	0.7800	0.2560
46	16	0.0160	0.7960	0.2200
47	19	0.0190	0.8150	0.2040
48	15	0.0150	0.8300	0.1850
49	12	0.0120	0.8420	0.1700
50	22	0.0220	0.8640	0.1580
51	15	0.0150	0.8790	0.1360
52	12	0.0120	0.8910	0.1210
53	11	0.0110	0.9020	0.1090
54	20	0.0200	0.9220	0.0980
55	12	0.0120	0.9340	0.0780
56	9	0.0090	0.9430	0.0660
57	10	0.0100	0.9530	0.0570
58	4	0.0040	0.9570	0.0470
59	6	0.0060	0.9630	0.0430
60	8	0.0080	0.9710	0.0370
61	3	0.0030	0.9740	0.0290
62	4	0.0040	0.9780	0.0260
63	5	0.0050	0.9830	0.0220
64	1	0.0010	0.9840	0.0170
65	2	0.0020	0.9860	0.0160
68	4	0.0040	0.9900	0.0140
69	2	0.0020	0.9920	0.0100
70	2	0.0020	0.9940	0.0080
71	1	0.0010	0.9950	0.0060
73	1	0.0010	0.9960	0.0050
74	1	0.0010	0.9970	0.0040
80	1	0.0010	0.9980	0.0030
82	1	0.0010	0.9990	0.0020
95	1	0.0010	1.0000	0.0010
