sel_type	struct_type	stem_len	loop_len	cell_pvalue	cell_log10p	hairpin_start_0b	hairpin_end_0b	stem_length	spacer_length	score	sequence	n_mut_positions	n_mut_observations	mutation_positions_0b
most_stable	tc_end	5	4	3.48679e-05	4.4576	188482	188495	5	4	12.5	TCCTCCATCGAGGA	1	4	188490
most_stable	tc_end	7	3	1.1425e-05	4.9421	23343	23359	7	3	10.1	TCTTGACATCGTCAAGA	1	3	23352
most_stable	tc_end	7	3	1.1425e-05	4.9421	148311	148327	7	3	9.1	TAGTGGTGATACCACTA	1	1	148318
most_stable	c_end_excl	4	9	0.025673	1.5905	59048	59064	4	9	21.8	AATTGCCTTGGCTAATT	1	2	59052
most_stable	c_end_excl	4	9	0.025673	1.5905	149352	149368	4	9	19.1	TGCCTAGAAATCCGGCA	1	2	149364
most_stable	spacer_interior	5	7	0.0347709	1.4588	20904	20920	5	7	15.6	TTATATTAGAACTATAA	1	2	20912
most_stable	spacer_interior	5	7	0.0347709	1.4588	108282	108298	5	7	16.5	ATTATTTTTCGTATAAT	1	1	108291
most_stable	spacer_interior	5	8	0.0347709	1.4588	40816	40833	5	8	17.8	ATCTCCACGATTAGAGAT	1	1	40824
most_stable	spacer_interior	5	8	0.0347709	1.4588	132977	132994	5	8	18.7	TCAGAGCAGTCTTTCTGA	1	2	132987
most_stable	spacer_interior	6	3	8.22055e-05	4.0851	95475	95489	6	3	10.1	GCGACGAGACGTCGC	1	1	95482
most_stable	spacer_interior	6	3	8.22055e-05	4.0851	167665	167679	6	3	10.4	ATATGACGATCATAT	1	3	167672
most_stable	spacer_interior	6	6	0.0209997	1.6778	160301	160318	6	6	14.2	CGACGAATCTCATCGTCG	1	2	160311
most_stable	stem	6	3	0.0253649	1.5958	14061	14075	6	3	10.1	TATATCATCGATATA	1	1	14066
most_stable	stem	6	3	0.0253649	1.5958	95475	95489	6	3	10.1	GCGACGAGACGTCGC	2	2	95480,95487
most_stable	stem	6	3	0.0253649	1.5958	138592	138606	6	3	10.7	ATTCTAACCTAGAAT	1	1	138603
most_stable	stem	6	3	0.0253649	1.5958	161481	161495	6	3	9.5	CGACGAGTTTCGTCG	1	1	161495
greedy	tc_end	5	4	0.000148639	3.8279	117581	117594	5	4	11.5	AATCTACTCAGATT	1	1	117589
greedy	tc_end	5	4	0.000148639	3.8279	188482	188495	5	4	12.5	TCCTCCATCGAGGA	1	4	188490
greedy	tc_end	7	3	3.48679e-05	4.4576	23343	23359	7	3	10.1	TCTTGACATCGTCAAGA	1	3	23352
greedy	tc_end	7	3	3.48679e-05	4.4576	148311	148327	7	3	9.1	TAGTGGTGATACCACTA	1	1	148318
greedy	spacer_interior	5	3	0.0166673	1.7781	13679	13691	5	3	9.6	TATATTCTATATA	1	2	13685
greedy	spacer_interior	5	3	0.0166673	1.7781	88729	88741	5	3	9.6	TATTTTCTAAATA	1	1	88735
greedy	spacer_interior	6	3	0.00016462	3.7835	95475	95489	6	3	10.1	GCGACGAGACGTCGC	1	1	95482
greedy	spacer_interior	6	3	0.00016462	3.7835	167665	167679	6	3	10.4	ATATGACGATCATAT	1	3	167672
greedy	spacer_interior	6	6	0.0388639	1.4105	160301	160318	6	6	14.2	CGACGAATCTCATCGTCG	1	2	160311
greedy	spacer_interior	6	9	0.0493335	1.3069	118725	118745	6	9	19.4	TAATCTCATCATTGAAGATTA	1	2	118738
max_cov	tc_end	4	2	0.00369907	2.4319	10789	10798	4	2	4.4	GGTTTCAACC	1	2	10794
max_cov	tc_end	4	2	0.00369907	2.4319	33538	33547	4	2	4.4	GGATTCATCC	1	2	33543
max_cov	tc_end	4	3	0.0409151	1.3881	3526	3536	4	3	10.6	ATACGAGGTAT	1	1	3530
max_cov	tc_end	4	3	0.0409151	1.3881	128527	128537	4	3	9.7	GGATATCATCC	1	2	128533
max_cov	tc_end	4	3	0.0409151	1.3881	193672	193682	4	3	11.4	ATACCTCGTAT	1	1	193678
max_cov	tc_end	5	9	0.0077447	2.1110	11713	11731	5	9	20.4	ATCTCTCCATCATCGAGAT	1	1	11726
max_cov	tc_end	5	9	0.0077447	2.1110	31860	31878	5	9	21.2	TTTCAATGGCCATCTGAAA	1	2	31873
max_cov	tc_end	7	3	1.21844e-06	5.9142	13676	13692	7	3	9.7	TTATATATTCTATATAA	1	2	13685
max_cov	tc_end	7	3	1.21844e-06	5.9142	23343	23359	7	3	10.1	TCTTGACATCGTCAAGA	1	3	23352
max_cov	spacer_interior	6	9	0.0102863	1.9877	54701	54721	6	9	20.6	ATTTGGCATTTGATCCCAAAT	1	1	54712
max_cov	spacer_interior	6	9	0.0102863	1.9877	118725	118745	6	9	19.4	TAATCTCATCATTGAAGATTA	1	2	118738
max_cov	spacer_interior	9	9	0.000943382	3.0253	7515	7541	9	9	17.3	TTTATATTACTGAATTAATAATATAAA	1	2	7526
max_cov	stem	4	7	0.0214779	1.6680	2589	2603	4	7	18.0	GGAAGCGTAAGTTCC	1	1	2590
max_cov	stem	4	7	0.0214779	1.6680	14432	14446	4	7	17.9	TATCATGGGCAGATA	1	1	14443
max_cov	stem	4	7	0.0214779	1.6680	40769	40783	4	7	15.0	GACTTGTTAATAGTC	1	1	40783
max_cov	stem	4	7	0.0214779	1.6680	59083	59097	4	7	15.4	GTGATTCTAGTTCAC	1	2	59085
max_cov	stem	4	7	0.0214779	1.6680	63262	63276	4	7	16.4	TCAAGAGTGATTTGA	1	1	63263
max_cov	stem	4	7	0.0214779	1.6680	103680	103694	4	7	14.1	TCATATCTAAAATGA	2	4	103681,103693
max_cov	stem	4	7	0.0214779	1.6680	134494	134508	4	7	17.8	TCAAGTTCTCGTTGA	1	1	134495
max_cov	stem	4	7	0.0214779	1.6680	151173	151187	4	7	14.7	CATCTATATACGATG	1	1	151184
max_cov	stem	4	7	0.0214779	1.6680	160311	160325	4	7	19.8	CATCGTCGCGTGATG	2	3	160311,160314
max_cov	stem	4	7	0.0214779	1.6680	194605	194619	4	7	18.4	GGAACTTACGCTTCC	1	1	194618
max_cov	stem	8	3	0.0388639	1.4105	132350	132368	8	3	12.0	AACGAAGGCCTCCTTCGTT	1	2	132353
min_cov	tc_end	5	4	3.48679e-05	4.4576	188482	188495	5	4	12.5	TCCTCCATCGAGGA	1	4	188490
min_cov	tc_end	7	3	2.33724e-06	5.6313	23343	23359	7	3	10.1	TCTTGACATCGTCAAGA	1	3	23352
min_cov	tc_end	7	3	2.33724e-06	5.6313	148311	148327	7	3	9.1	TAGTGGTGATACCACTA	1	1	148318
min_cov	c_end_excl	4	9	0.0282816	1.5485	59048	59064	4	9	21.8	AATTGCCTTGGCTAATT	1	2	59052
min_cov	c_end_excl	4	9	0.0282816	1.5485	149352	149368	4	9	19.1	TGCCTAGAAATCCGGCA	1	2	149364
min_cov	spacer_interior	4	8	0.0440399	1.3562	30806	30821	4	8	18.3	TGTAACACTCGATACA	1	1	30816
min_cov	spacer_interior	4	8	0.0440399	1.3562	80864	80879	4	8	20.9	AACGCATCGCTTCGTT	1	1	80871
min_cov	spacer_interior	4	8	0.0440399	1.3562	100572	100587	4	8	17.1	ATAATTCTGTAGTTAT	1	1	100578
min_cov	spacer_interior	4	8	0.0440399	1.3562	134125	134140	4	8	16.3	AACTTATTCTCTAGTT	1	3	134133
min_cov	spacer_interior	4	8	0.0440399	1.3562	172702	172717	4	8	17.6	ATATTTCTTCCTATAT	1	1	172708
min_cov	spacer_interior	4	8	0.0440399	1.3562	189915	189930	4	8	17.3	CCAACATTGAGATTGG	1	1	189923
min_cov	spacer_interior	5	8	0.0248259	1.6051	40816	40833	5	8	17.8	ATCTCCACGATTAGAGAT	1	1	40824
min_cov	spacer_interior	5	8	0.0248259	1.6051	132977	132994	5	8	18.7	TCAGAGCAGTCTTTCTGA	1	2	132987
min_cov	spacer_interior	6	3	8.22055e-05	4.0851	95475	95489	6	3	10.1	GCGACGAGACGTCGC	1	1	95482
min_cov	spacer_interior	6	3	8.22055e-05	4.0851	167665	167679	6	3	10.4	ATATGACGATCATAT	1	3	167672
all	tc_end	5	3	0.00545525	2.2632	33782	33794	5	3	10.2	ATCATGAGATGAT	1	1	33787
all	tc_end	5	3	0.00545525	2.2632	38654	38666	5	3	10.8	GTATTCTCAATAC	1	1	38661
all	tc_end	5	3	0.00545525	2.2632	56636	56648	5	3	12.0	TGTAGCTCCTACA	1	2	56643
all	tc_end	5	3	0.00545525	2.2632	136555	136567	5	3	9.7	ATGATATCATCAT	1	1	136562
all	tc_end	5	4	0.00143006	2.8446	117581	117594	5	4	11.5	AATCTACTCAGATT	1	1	117589
all	tc_end	5	4	0.00143006	2.8446	154092	154105	5	4	11.7	TTAACGATGGTTAA	1	1	154097
all	tc_end	5	4	0.00143006	2.8446	188482	188495	5	4	12.5	TCCTCCATCGAGGA	1	4	188490
all	tc_end	5	9	0.0198163	1.7030	11713	11731	5	9	20.4	ATCTCTCCATCATCGAGAT	1	1	11726
all	tc_end	5	9	0.0198163	1.7030	31860	31878	5	9	21.2	TTTCAATGGCCATCTGAAA	1	2	31873
all	tc_end	5	9	0.0198163	1.7030	34458	34476	5	9	18.2	GAAGTAATGAAATCACTTC	1	1	34471
all	tc_end	6	3	0.00151213	2.8204	29878	29892	6	3	11.4	TTATCCCTCGGATAA	1	3	29886
all	tc_end	6	4	0.0388639	1.4105	1119	1134	6	4	10.1	GATGTCGATAGACATC	1	1	1125
all	tc_end	6	4	0.0388639	1.4105	196074	196089	6	4	10.9	GATGTCTATCGACATC	1	1	196083
all	tc_end	7	3	1.64768e-10	9.7831	13676	13692	7	3	9.7	TTATATATTCTATATAA	1	2	13685
all	tc_end	7	3	1.64768e-10	9.7831	23343	23359	7	3	10.1	TCTTGACATCGTCAAGA	1	3	23352
all	tc_end	7	3	1.64768e-10	9.7831	147451	147467	7	3	9.7	TATTGACGATGTCAATA	1	3	147458
all	tc_end	7	3	1.64768e-10	9.7831	148311	148327	7	3	9.1	TAGTGGTGATACCACTA	1	1	148318
all	spacer_interior	5	3	0.0347709	1.4588	13679	13691	5	3	9.6	TATATTCTATATA	1	2	13685
all	spacer_interior	5	3	0.0347709	1.4588	88729	88741	5	3	9.6	TATTTTCTAAATA	1	1	88735
all	spacer_interior	5	6	0.037268	1.4287	7519	7534	5	6	15.2	TATTACTGAATTAATA	1	2	7526
all	spacer_interior	5	6	0.037268	1.4287	7615	7630	5	6	14.3	ATGATAATCAGATCAT	1	1	7623
all	spacer_interior	5	6	0.037268	1.4287	42174	42189	5	6	14.3	CCGTTTATGAGAACGG	1	1	42182
all	spacer_interior	5	6	0.037268	1.4287	137119	137134	5	6	14.7	ATAAACATGAATTTAT	1	1	137127
all	spacer_interior	5	6	0.037268	1.4287	164903	164918	5	6	16.2	ATCCAAGAAGCTGGAT	1	1	164909
all	spacer_interior	5	6	0.037268	1.4287	189568	189583	5	6	16.2	AGTATATCGACATACT	1	2	189576
all	spacer_interior	6	3	0.00110545	2.9565	95475	95489	6	3	10.1	GCGACGAGACGTCGC	1	1	95482
all	spacer_interior	6	3	0.00110545	2.9565	167665	167679	6	3	10.4	ATATGACGATCATAT	1	3	167672
all	spacer_interior	6	6	0.00213661	2.6703	11324	11341	6	6	15.1	TATCTACGATATTAGATA	1	2	11331
all	spacer_interior	6	6	0.00213661	2.6703	64426	64443	6	6	17.1	GTTAACTCGTCGGTTAAC	1	1	64436
all	spacer_interior	6	6	0.00213661	2.6703	160301	160318	6	6	14.2	CGACGAATCTCATCGTCG	1	2	160311
all	spacer_interior	6	9	0.0472726	1.3254	36890	36910	6	9	21.6	TGGATACGAAGATGCTATCCA	2	2	36897,36900
all	spacer_interior	6	9	0.0472726	1.3254	54701	54721	6	9	20.6	ATTTGGCATTTGATCCCAAAT	1	1	54712
all	spacer_interior	6	9	0.0472726	1.3254	118725	118745	6	9	19.4	TAATCTCATCATTGAAGATTA	1	2	118738
all	spacer_interior	7	10	0.0205227	1.6878	90932	90955	7	10	20.4	AACGTATGGAGTCAATTATACGTT	1	3	90944
all	spacer_interior	8	7	0.0431407	1.3651	163528	163550	8	7	17.6	TAGAATATGGGGAAAATATTCTA	1	1	163539
all	spacer_interior	9	9	0.000943382	3.0253	7515	7541	9	9	17.3	TTTATATTACTGAATTAATAATATAAA	1	2	7526
all	stem	5	9	0.0292722	1.5335	34458	34476	5	9	18.2	GAAGTAATGAAATCACTTC	1	1	34458
all	stem	5	9	0.0292722	1.5335	47222	47240	5	9	17.8	TCGAATTTAGTTTCTTCGA	1	1	47223
all	stem	5	9	0.0292722	1.5335	48176	48194	5	9	18.2	ATAGATAACTCTCTTCTAT	1	1	48179
all	stem	5	9	0.0292722	1.5335	72347	72365	5	9	19.2	TTCTGCAGAATAATCAGAA	1	1	72361
all	stem	5	9	0.0292722	1.5335	112540	112558	5	9	19.9	TATCTTCCTTCGATAGATA	1	1	112543
all	stem	5	9	0.0292722	1.5335	136558	136576	5	9	19.2	ATATCATCATCTTCGATAT	2	2	136562,136572
all	stem	5	9	0.0292722	1.5335	149774	149792	5	9	16.8	GAAAAGATAATACATTTTC	1	1	149774
all	stem	5	9	0.0292722	1.5335	156343	156361	5	9	18.1	ATATCAAAAAGATGGATAT	1	1	156357
all	stem	5	9	0.0292722	1.5335	160299	160317	5	9	19.5	GACGACGAATCTCATCGTC	1	1	160314
all	stem	5	9	0.0292722	1.5335	166448	166466	5	9	16.7	GATTACAATAAAAATAATC	1	2	166466
all	stem	5	9	0.0292722	1.5335	190251	190269	5	9	19.5	TGATATGCATGATTTATCA	1	1	190268
all	stem	8	3	0.0388639	1.4105	132350	132368	8	3	12.0	AACGAAGGCCTCCTTCGTT	1	2	132353
all	stem	8	7	0.0493335	1.3069	120574	120596	8	7	16.6	ATCCAGACAACAATCGTCTGGAT	1	2	120579
