pos_ref	pos_aln	ref	alt_A	alt_C	alt_G	alt_T	gaps	is_APOBEC	is_APOBEC_ext	independent_events
1262		G	1	0	0	0	0	True	False	1
2591		G	1	0	0	0	0	True	False	1
3111		G	1	0	0	0	0	True	False	1
3522		G	1	0	0	0	0	True	False	1
3818		C	0	0	0	1	0	True	False	1
7771		C	0	0	0	1	0	True	False	1
14000		G	0	0	0	1	0	False	False	1
15428		G	1	0	0	0	0	True	False	1
16968		C	0	0	0	1	0	True	False	1
18943		G	1	0	0	0	0	True	False	1
21723		G	1	0	0	0	0	True	False	1
30367		G	1	0	0	0	0	True	False	1
31053		G	1	0	0	0	0	True	False	1
34459		G	1	0	0	0	0	True	False	1
37202		G	1	0	0	0	0	True	False	1
38360		G	1	0	0	0	0	True	False	1
38662		C	0	0	0	1	0	True	False	1
39139		C	0	0	0	1	0	True	False	1
52885		G	1	0	0	0	0	True	False	1
54117		G	1	0	0	0	0	True	False	1
54635		G	1	0	0	0	0	True	False	1
55075		C	0	0	0	1	0	True	False	1
55133		G	1	0	0	0	0	True	False	1
64297		G	1	0	0	0	0	True	False	1
64426		C	0	0	0	1	0	True	False	1
73066		C	0	0	0	1	0	True	False	1
73239		G	1	0	0	0	0	True	False	1
74205		G	1	0	0	0	0	True	False	1
77383		G	1	0	0	0	0	True	False	1
81275		G	1	0	0	0	0	True	False	1
82373		C	0	0	0	1	0	True	False	1
82451		G	1	0	0	0	0	True	False	1
82853		G	1	0	0	0	0	True	False	1
84587		C	0	0	0	1	0	True	False	1
89906		C	0	0	0	1	0	True	False	1
94798		G	1	0	0	0	0	True	False	1
95034		G	1	0	0	0	0	False	True	1
124130		G	1	0	0	0	0	True	False	1
124674		G	1	0	0	0	0	True	False	1
127220		C	0	0	0	1	0	True	False	1
128698		C	0	0	0	1	0	True	False	1
144527		C	0	0	0	1	0	True	False	1
150469		C	0	0	0	1	0	True	False	1
151461		A	0	1	0	0	0	False	False	1
155795		G	1	0	0	0	0	False	True	1
162331		C	0	0	0	1	0	True	False	1
167517		G	1	0	0	0	0	True	False	1
170262		G	1	0	0	0	0	False	True	1
176823		G	1	0	0	0	0	True	False	1
178133		G	1	0	0	0	0	True	False	1
181367		G	1	0	0	0	0	True	False	1
181980		G	1	0	0	0	0	True	False	1
183519		C	0	0	0	1	0	True	False	1
186578		G	1	0	0	0	0	True	False	1
187154		C	0	0	0	1	0	True	False	1
190660		G	1	0	0	0	0	True	False	1
193392		G	1	0	0	0	0	True	False	1
193688		C	0	0	0	1	0	True	False	1
194099		C	0	0	0	1	0	True	False	1
194619		C	0	0	0	1	0	True	False	1
195948		C	0	0	0	1	0	True	False	1
