dataset	shape	n_mut_hp	n_unm_hp	n_mut_obs	mean_mut	mean_unm	mean_diff	mw_p	tt_p	perm_p
dataset1	stem=5,loop=3	1	24	1	-0.7	-1.40833	0.708333			
dataset1	stem=6,loop=3	0	5	0		-2.4				
dataset1	stem=7,loop=3	0	8	0		-3.4875				
dataset1	stem=5,loop=4	0	27	0		-1.27778				
dataset1	stem=6,loop=4	0	7	0		-3.02857				
dataset1	all_combined	1	73	1	-0.7	-1.89315	1.19315			
dataset2_west_africa	stem=5,loop=3	4	21	5	-1.4	-1.38571	-0.0142857	0.415196	0.960147	0.9532
dataset2_west_africa	stem=6,loop=3	1	4	3	-2.7	-2.325	-0.375	0.359012	0.204856	0.228571
dataset2_west_africa	stem=7,loop=3	4	4	9	-4.06667	-2.95	-1.11667	0.137717	0.102596	0.195804
dataset2_west_africa	stem=5,loop=4	3	24	6	-2.33333	-1.20417	-1.12917	0.00502554	0.00970935	0.0044
dataset2_west_africa	stem=6,loop=4	2	5	2	-3.8	-2.72	-1.08	0.380952	0.210931	0.571429
dataset2_west_africa	all_combined	14	60	25	-2.932	-1.69167	-1.24033	0.000117941	0.000470999	0.0002
dataset3_gisaid	stem=5,loop=3	6	19	8	-1.9875	-1.21053	-0.776974	0.049035	0.0560863	0.0482
dataset3_gisaid	stem=6,loop=3	1	4	7	-2.7	-2.325	-0.375	0.154813	0.204856	0.0484848
dataset3_gisaid	stem=7,loop=3	3	5	6	-4.5	-2.88	-1.62	0.0535777	0.0520433	0.025974
dataset3_gisaid	stem=5,loop=4	2	25	2	-2.35	-1.192	-1.158	0.0515827	0.208399	0.045584
dataset3_gisaid	stem=6,loop=4	2	5	2	-3.9	-2.68	-1.22	0.571429	0.537344	0.380952
dataset3_gisaid	all_combined	14	60	25	-2.972	-1.645	-1.327	9.80798e-06	3.84517e-05	0.0002
