target_stem_length	target_loop_length	detected_stem_length	detected_loop_length	unwound_steps	is_unwound	hairpin_start_1b	hairpin_end_1b	loop_start_1b	loop_end_1b	hairpin_length	energy	sequence	loop_5p_dinuc	loop_3p_dinuc	tc_3p	ga_5p	n_mut_positions__dataset1	n_mut_observations__dataset1	mutation_positions_1b__dataset1	n_mut_positions__dataset2_west_africa	n_mut_observations__dataset2_west_africa	mutation_positions_1b__dataset2_west_africa	n_mut_positions__dataset3_gisaid	n_mut_observations__dataset3_gisaid	mutation_positions_1b__dataset3_gisaid	new_energy
5	3	5	3	0	0	17430	17442	17435	17437	13	10.8	ACGATCTCATCGT	CT	TC	1	0	0	0		0	0		1	1	17437	-2.4000000953674316
5	3	5	3	0	0	29720	29732	29725	29727	13	9.7	AAAATATCATTTT	AT	TC	1	0	0	0		0	0		0	0		-0.5
5	3	5	3	0	0	33783	33795	33788	33790	13	10.2	ATCATGAGATGAT	GA	AG	0	1	0	0		1	1	33788	0	0		-1.2000000476837158
5	3	5	3	0	0	37832	37844	37837	37839	13	9.7	TTCTATTCTAGAA	TT	TC	1	0	0	0		0	0		0	0		-0.800000011920929
5	3	5	3	0	0	38655	38667	38660	38662	13	10.8	GTATTCTCAATAC	CT	TC	1	0	1	1	38662	1	1	38662	1	1	38662	-0.5
5	3	5	3	0	0	42482	42494	42487	42489	13	10.2	TATTTGAGAAATA	GA	AG	0	1	0	0		0	0		0	0		-0.10000000149011612
5	3	5	3	0	0	51944	51956	51949	51951	13	10.2	CTAGTTTCACTAG	TT	TC	1	0	0	0		0	0		0	0		-1.2000000476837158
5	3	5	3	0	0	52214	52226	52219	52221	13	9.7	CTATAATCTATAG	AT	TC	1	0	0	0		0	0		0	0		0.0
5	3	5	3	0	0	56637	56649	56642	56644	13	12.0	TGTAGCTCCTACA	CT	TC	1	0	0	0		1	2	56644	0	0		-1.399999976158142
5	3	5	3	0	0	56847	56859	56852	56854	13	9.1	CTTATGATATAAG	GA	AT	0	1	0	0		0	0		0	0		-0.4000000059604645
5	3	5	3	0	0	57083	57095	57088	57090	13	9.1	GCTTTGATAAAGC	GA	AT	0	1	0	0		0	0		1	1	57088	-2.0999999046325684
5	3	5	3	0	0	57344	57356	57349	57351	13	9.7	TTAAATTCTTTAA	TT	TC	1	0	0	0		0	0		0	0		-0.20000000298023224
5	3	5	3	0	0	62615	62627	62620	62622	13	9.6	ATAGTGAAACTAT	GA	AA	0	1	0	0		0	0		0	0		-0.800000011920929
5	3	5	3	0	0	64289	64301	64294	64296	13	10.1	AAATCATCGATTT	AT	TC	1	0	1	1	64297	1	1	64297	1	1	64297	-0.800000011920929
5	3	5	3	0	0	70770	70782	70775	70777	13	9.7	TAGACGATGTCTA	GA	AT	0	1	0	0		0	0		2	8	70775,70780	-1.2000000476837158
5	3	5	3	0	0	75560	75572	75565	75567	13	9.1	ATATTGATAATAT	GA	AT	0	1	0	0		0	0		1	1	75565	0.0
5	3	5	3	0	0	88703	88715	88708	88710	13	9.1	AAAAAGAATTTTT	GA	AA	0	1	0	0		0	0		0	0		-0.6000000238418579
5	3	5	3	0	0	92998	93010	93003	93005	13	10.3	TTATAGAGTATAA	GA	AG	0	1	0	0		0	0		0	0		0.30000001192092896
5	3	5	3	0	0	93371	93383	93376	93378	13	9.3	ATTTAGATTAAAT	GA	AT	0	1	0	0		0	0		0	0		-0.10000000149011612
5	3	5	3	0	0	96284	96296	96289	96291	13	9.3	AAATAGATTATTT	GA	AT	0	1	0	0		0	0		0	0		-0.10000000149011612
5	3	5	3	0	0	108666	108678	108671	108673	13	10.8	CATTTCTCAAATG	CT	TC	1	0	0	0		0	0		0	0		-1.0
5	3	5	3	0	0	136556	136568	136561	136563	13	9.7	ATGATATCATCAT	AT	TC	1	0	0	0		1	1	136563	0	0		-1.2000000476837158
5	3	5	3	0	0	165300	165312	165305	165307	13	9.6	TCTGTGAAACAGA	GA	AA	0	1	0	0		0	0		1	1	165301	-2.0999999046325684
5	3	5	3	0	0	165529	165541	165534	165536	13	10.1	ACACGGATCGTGT	GA	AT	0	1	0	0		0	0		0	0		-3.0999999046325684
5	3	5	3	0	0	181488	181500	181493	181495	13	10.1	GTAGCATCGCTAC	AT	TC	1	0	0	0		0	0		1	1	181495	-2.0999999046325684
5	4	5	4	0	0	17766	17779	17771	17774	14	9.6	GAAAAGATATTTTC	GA	TA	0	1	0	0		0	0		0	0		-1.5
5	4	5	4	0	0	22611	22624	22616	22619	14	9.6	ATAAAGATATTTAT	GA	TA	0	1	0	0		0	0		0	0		-0.699999988079071
5	4	5	4	0	0	24640	24653	24645	24648	14	10.1	TTTTCGATAGAAAA	GA	TA	0	1	0	0		0	0		1	1	24645	-1.899999976158142
5	4	5	4	0	0	31666	31679	31671	31674	14	11.7	AGAAGATTCCTTCT	AT	TC	1	0	0	0		0	0		0	0		-2.200000047683716
5	4	5	4	0	0	35129	35142	35134	35137	14	11.0	ACAGAGACATCTGT	GA	CA	0	1	0	0		0	0		2	2	35132,35139	-2.700000047683716
5	4	5	4	0	0	45266	45279	45271	45274	14	11.3	TAATATCTCTATTA	TC	TC	1	0	0	0		0	0		0	0		0.0
5	4	5	4	0	0	53908	53921	53913	53916	14	11.3	AGAAGGAAACTTCT	GA	AA	0	1	0	0		0	0		0	0		-2.5
5	4	5	4	0	0	66167	66180	66172	66175	14	10.7	ATTTATTTCTAAAT	TT	TC	1	0	0	0		0	0		0	0		-0.4000000059604645
5	4	5	4	0	0	83810	83823	83815	83818	14	10.3	TTCTAGAATTAGAA	GA	AT	0	1	0	0		0	0		0	0		-1.2999999523162842
5	4	5	4	0	0	84928	84941	84933	84936	14	10.1	TATCTGATAAGATA	GA	TA	0	1	0	0		0	0		0	0		-1.2999999523162842
5	4	5	4	0	0	92155	92168	92160	92163	14	10.3	GACTAGAATTAGTC	GA	AT	0	1	0	0		0	0		0	0		-1.7000000476837158
5	4	5	4	0	0	92439	92452	92444	92447	14	11.1	ATAAAGACTTTTAT	GA	CT	0	1	0	0		0	0		0	0		-0.6000000238418579
5	4	5	4	0	0	95642	95655	95647	95650	14	10.2	ATCTATATCTAGAT	TA	TC	1	0	0	0		1	1	95653	0	0		-1.0
5	4	5	4	0	0	105608	105621	105613	105616	14	10.3	TATTAGATTTAATA	GA	TT	0	1	0	0		0	0		0	0		-0.20000000298023224
5	4	5	4	0	0	117582	117595	117587	117590	14	11.5	AATCTACTCAGATT	AC	TC	1	0	0	0		1	1	117590	0	0		-1.5
5	4	5	4	0	0	119489	119502	119494	119497	14	11.0	ATCTAGACATAGAT	GA	CA	0	1	0	0		0	0		0	0		-1.2999999523162842
5	4	5	4	0	0	120386	120399	120391	120394	14	11.2	GATTTGAAGAAATC	GA	AG	0	1	0	0		0	0		0	0		-1.2000000476837158
5	4	5	4	0	0	130231	130244	130236	130239	14	10.7	GAATATTTCTATTC	TT	TC	1	0	0	0		0	0		1	1	130231	-0.699999988079071
5	4	5	4	0	0	144396	144409	144401	144404	14	11.1	GAATGGATTCATTC	GA	TT	0	1	0	0		0	0		1	1	144405	-2.0999999046325684
5	4	5	4	0	0	151654	151667	151659	151662	14	10.9	TAGATGACTATCTA	GA	CT	0	1	0	0		0	0		0	0		-1.2000000476837158
5	4	5	4	0	0	154093	154106	154098	154101	14	11.7	TTAACGATGGTTAA	GA	TG	0	1	0	0		1	1	154098	0	0		-1.5
5	4	5	4	0	0	163230	163243	163235	163238	14	11.8	TAATACATCTATTA	CA	TC	1	0	0	0		0	0		0	0		0.10000000149011612
5	4	5	4	0	0	166718	166731	166723	166726	14	10.3	TTTAAGATTTTAAA	GA	TT	0	1	0	0		0	0		0	0		-0.699999988079071
5	4	5	4	0	0	168096	168109	168101	168104	14	10.7	ACATCGAATGATGT	GA	AT	0	1	0	0		0	0		0	0		-2.700000047683716
5	4	5	4	0	0	175885	175898	175890	175893	14	10.1	ATAATGAATATTAT	GA	AT	0	1	0	0		0	0		0	0		-0.5
5	4	5	4	0	0	188483	188496	188488	188491	14	12.5	TCCTCCATCGAGGA	CA	TC	1	0	0	0		1	4	188491	1	1	188491	-2.799999952316284
5	4	5	4	0	0	190273	190286	190278	190281	14	10.7	ATTCAGAGATGAAT	GA	GA	0	1	0	0		0	0		1	1	190276	-1.899999976158142
6	3	6	3	0	0	14062	14076	14068	14070	15	10.1	TATATCATCGATATA	AT	TC	1	0	0	0		1	1	14067	0	0		-0.8999999761581421
6	3	6	3	0	0	29879	29893	29885	29887	15	11.4	TTATCCCTCGGATAA	CT	TC	1	0	0	0		2	4	29887,29889	1	7	29887	-2.200000047683716
6	3	6	3	0	0	69765	69779	69771	69773	15	9.7	GAGTATATCATACTC	AT	TC	1	0	0	0		0	0		0	0		-2.0999999046325684
6	3	6	3	0	0	107034	107048	107040	107042	15	9.7	AACAAATTCTTTGTT	TT	TC	1	0	0	0		0	0		0	0		-2.5
6	3	6	3	0	0	188767	188781	188773	188775	15	9.7	GTTAGAATCTCTAAC	AT	TC	1	0	0	0		0	0		0	0		-2.200000047683716
6	4	6	4	0	0	1120	1135	1126	1129	16	10.1	GATGTCGATAGACATC	GA	TA	0	1	0	0		1	1	1126	0	0		-4.0
6	4	6	4	0	0	41945	41960	41951	41954	16	10.7	AAATGAATTCTCATTT	AT	TC	1	0	0	0		0	0		0	0		-2.5999999046325684
6	4	6	4	0	0	68341	68356	68347	68350	16	11.4	CTTCTAGATGTAGAAG	GA	TG	0	1	0	0		0	0		1	1	68347	-2.5
6	4	6	4	0	0	98116	98131	98122	98125	16	10.7	CCGGAAGAGATTCCGG	GA	GA	0	1	0	0		0	0		1	1	98122	-5.300000190734863
6	4	6	4	0	0	153705	153720	153711	153714	16	11.8	ATCTTTTCTCAAAGAT	TC	TC	1	0	0	0		0	0		1	1	153718	-2.4000000953674316
6	4	6	4	0	0	185644	185659	185650	185653	16	10.7	ATATTATTTCTAATAT	TT	TC	1	0	0	0		0	0		0	0		-0.8999999761581421
6	4	6	4	0	0	196075	196090	196081	196084	16	10.9	GATGTCTATCGACATC	TA	TC	1	0	0	0		1	1	196084	0	0		-3.5999999046325684
7	3	7	3	0	0	13677	13693	13684	13686	17	9.7	TTATATATTCTATATAA	TT	TC	1	0	0	0		1	2	13686	0	0		-1.2000000476837158
7	3	7	3	0	0	23344	23360	23351	23353	17	10.1	TCTTGACATCGTCAAGA	AT	TC	1	0	0	0		1	3	23353	4	5	23345,23353,23356,23359	-4.400000095367432
7	3	7	3	0	0	43495	43511	43502	43504	17	9.7	AAAAAAAATCTTTTTTT	AT	TC	1	0	0	0		0	0		0	0		-2.5999999046325684
7	3	7	3	0	0	125393	125409	125400	125402	17	9.1	TTAAATAGAATATTTAA	GA	AA	0	1	0	0		0	0		0	0		-1.7000000476837158
7	3	7	3	0	0	147452	147468	147459	147461	17	9.7	TATTGACGATGTCAATA	GA	AT	0	1	0	0		1	3	147459	1	2	147459	-3.299999952316284
7	3	7	3	0	0	148312	148328	148319	148321	17	9.1	TAGTGGTGATACCACTA	GA	AT	0	1	0	0		1	1	148319	0	0		-4.599999904632568
7	3	7	3	0	0	152430	152446	152437	152439	17	9.6	CGATAATGAAATTATCG	GA	AA	0	1	0	0		1	1	152431	2	3	152437,152445	-3.5
7	3	7	3	0	0	158942	158958	158949	158951	17	9.7	TACTAATATCATTAGTA	AT	TC	1	0	0	0		0	0		0	0		-2.4000000953674316
8	4	8	4	0	0	94376	94395	94384	94387	20	9.6	TATTAATAGATATATTAATA	GA	TA	0	1	0	0		0	0		0	0		-2.799999952316284
9	4	9	4	0	0	167413	167434	167422	167425	22	11.7	TCAATTTTGATTCCAAAATTGA	AT	TC	1	0	0	0		0	0		0	0		-6.5
