iter	seed	total_hairpins	nonextendable	total_sig_cells	most_stable__tc_end	most_stable__c_end_excl	most_stable__spacer_interior	most_stable__stem	greedy__tc_end	greedy__c_end_excl	greedy__spacer_interior	greedy__stem	max_cov__tc_end	max_cov__c_end_excl	max_cov__spacer_interior	max_cov__stem	min_cov__tc_end	min_cov__c_end_excl	min_cov__spacer_interior	min_cov__stem	all__tc_end	all__c_end_excl	all__spacer_interior	all__stem
0	1789368711	8853	8853	3	0	0	0	1	0	0	0	1	0	0	0	0	0	0	0	0	0	0	0	1
1	43676229	8721	8721	0	0	0	0	0	0	0	0	0	0	0	0	0	0	0	0	0	0	0	0	0
2	1282648386	8876	8876	0	0	0	0	0	0	0	0	0	0	0	0	0	0	0	0	0	0	0	0	0
3	1582316135	8706	8706	0	0	0	0	0	0	0	0	0	0	0	0	0	0	0	0	0	0	0	0	0
4	831769172	8756	8756	11	1	1	0	1	1	1	0	1	1	0	0	0	1	1	1	0	1	0	0	0
5	1160692746	8816	8816	11	1	0	0	1	1	0	0	1	2	0	0	1	1	0	0	1	1	0	0	1
6	1873586768	8700	8700	0	0	0	0	0	0	0	0	0	0	0	0	0	0	0	0	0	0	0	0	0
7	694443915	8917	8917	0	0	0	0	0	0	0	0	0	0	0	0	0	0	0	0	0	0	0	0	0
8	1602297017	8833	8833	1	0	0	0	0	0	0	0	0	0	1	0	0	0	0	0	0	0	0	0	0
9	533722196	8691	8691	0	0	0	0	0	0	0	0	0	0	0	0	0	0	0	0	0	0	0	0	0
10	1859447115	8859	8859	0	0	0	0	0	0	0	0	0	0	0	0	0	0	0	0	0	0	0	0	0
11	1121373020	8746	8746	6	0	1	0	0	0	1	0	0	0	1	0	0	0	1	0	0	0	2	0	0
12	748799881	8828	8828	4	0	1	0	0	0	1	0	0	0	1	0	0	0	0	0	0	0	1	0	0
13	802338724	8934	8934	3	0	1	0	0	0	0	0	0	0	1	0	0	0	0	0	0	0	1	0	0
14	1524289825	8918	8918	6	1	0	0	0	1	0	0	0	1	1	0	0	0	0	0	0	1	1	0	0
15	392105170	8983	8983	7	0	2	0	0	0	2	0	0	0	1	0	0	0	2	0	0	0	0	0	0
16	1770039327	8822	8822	5	1	0	0	0	1	0	0	0	0	1	0	0	2	0	0	0	0	0	0	0
17	715425150	8946	8946	1	0	0	0	0	0	0	0	0	1	0	0	0	0	0	0	0	0	0	0	0
18	636282949	8910	8910	0	0	0	0	0	0	0	0	0	0	0	0	0	0	0	0	0	0	0	0	0
19	883535681	8892	8892	0	0	0	0	0	0	0	0	0	0	0	0	0	0	0	0	0	0	0	0	0
20	334328971	8754	8754	7	2	0	0	0	2	0	0	0	0	0	0	0	2	0	0	0	1	0	0	0
21	815920853	8714	8714	2	0	0	0	0	0	0	0	0	0	0	1	0	0	0	0	0	0	0	1	0
22	1466990855	8881	8881	0	0	0	0	0	0	0	0	0	0	0	0	0	0	0	0	0	0	0	0	0
23	1383146204	9008	9008	0	0	0	0	0	0	0	0	0	0	0	0	0	0	0	0	0	0	0	0	0
24	101022850	9087	9087	0	0	0	0	0	0	0	0	0	0	0	0	0	0	0	0	0	0	0	0	0
25	1970696522	8782	8782	1	0	0	0	0	0	0	0	0	0	0	0	0	0	0	0	0	1	0	0	0
26	1458217729	8770	8770	0	0	0	0	0	0	0	0	0	0	0	0	0	0	0	0	0	0	0	0	0
27	115405912	8748	8748	3	0	1	0	0	0	1	0	0	0	0	0	0	0	1	0	0	0	0	0	0
28	1784466476	8963	8963	0	0	0	0	0	0	0	0	0	0	0	0	0	0	0	0	0	0	0	0	0
29	14837456	8600	8600	0	0	0	0	0	0	0	0	0	0	0	0	0	0	0	0	0	0	0	0	0
30	28661629	8772	8772	0	0	0	0	0	0	0	0	0	0	0	0	0	0	0	0	0	0	0	0	0
31	703545808	8980	8980	0	0	0	0	0	0	0	0	0	0	0	0	0	0	0	0	0	0	0	0	0
32	768256981	8817	8817	0	0	0	0	0	0	0	0	0	0	0	0	0	0	0	0	0	0	0	0	0
33	1230830159	8901	8901	0	0	0	0	0	0	0	0	0	0	0	0	0	0	0	0	0	0	0	0	0
34	427347648	8815	8815	0	0	0	0	0	0	0	0	0	0	0	0	0	0	0	0	0	0	0	0	0
35	1780403418	8766	8766	0	0	0	0	0	0	0	0	0	0	0	0	0	0	0	0	0	0	0	0	0
36	454807410	8889	8889	0	0	0	0	0	0	0	0	0	0	0	0	0	0	0	0	0	0	0	0	0
37	780196821	8665	8665	0	0	0	0	0	0	0	0	0	0	0	0	0	0	0	0	0	0	0	0	0
38	1610622952	8736	8736	3	0	0	0	0	1	0	0	0	1	0	0	0	0	0	0	0	0	0	1	0
39	999100022	8811	8811	1	0	0	0	0	0	0	0	0	0	0	0	0	0	0	0	0	0	1	0	0
40	1416878696	8907	8907	1	0	0	1	0	0	0	0	0	0	0	0	0	0	0	0	0	0	0	0	0
41	172876772	8910	8910	2	0	0	0	0	0	0	0	0	0	0	1	0	0	0	0	0	0	0	1	0
42	997755750	8761	8761	7	1	0	0	1	1	0	0	0	2	0	0	0	0	0	0	0	2	0	0	0
43	514546904	8751	8751	0	0	0	0	0	0	0	0	0	0	0	0	0	0	0	0	0	0	0	0	0
44	2144154578	8861	8861	1	0	0	0	0	1	0	0	0	0	0	0	0	0	0	0	0	0	0	0	0
45	929346862	8755	8755	0	0	0	0	0	0	0	0	0	0	0	0	0	0	0	0	0	0	0	0	0
46	798126737	8852	8852	1	0	0	0	0	0	0	0	0	0	0	0	0	1	0	0	0	0	0	0	0
47	1106956950	8729	8729	2	0	0	0	0	0	0	0	0	0	1	0	0	0	0	0	0	0	1	0	0
48	1862620952	8884	8884	1	0	0	0	0	0	0	0	0	0	0	0	0	0	0	0	1	0	0	0	0
49	557783327	8651	8651	3	0	0	0	0	0	0	1	0	0	0	1	0	0	0	0	0	0	0	1	0
50	178409576	8817	8817	0	0	0	0	0	0	0	0	0	0	0	0	0	0	0	0	0	0	0	0	0
51	704968570	8772	8772	0	0	0	0	0	0	0	0	0	0	0	0	0	0	0	0	0	0	0	0	0
52	1294188245	8875	8875	0	0	0	0	0	0	0	0	0	0	0	0	0	0	0	0	0	0	0	0	0
53	40186061	8875	8875	1	0	0	0	0	0	0	1	0	0	0	0	0	0	0	0	0	0	0	0	0
54	645415300	8799	8799	1	0	0	0	0	0	0	0	0	1	0	0	0	0	0	0	0	0	0	0	0
55	984032715	8669	8669	0	0	0	0	0	0	0	0	0	0	0	0	0	0	0	0	0	0	0	0	0
56	1502067441	8852	8852	0	0	0	0	0	0	0	0	0	0	0	0	0	0	0	0	0	0	0	0	0
57	1468736550	8876	8876	5	1	0	0	0	1	0	0	0	1	0	0	0	1	0	0	0	1	0	0	0
58	674227543	8830	8830	0	0	0	0	0	0	0	0	0	0	0	0	0	0	0	0	0	0	0	0	0
59	1657913417	9017	9017	0	0	0	0	0	0	0	0	0	0	0	0	0	0	0	0	0	0	0	0	0
60	1390541744	8714	8714	5	0	1	0	0	0	1	0	0	0	1	0	0	0	1	0	0	0	1	0	0
61	55156612	8784	8784	0	0	0	0	0	0	0	0	0	0	0	0	0	0	0	0	0	0	0	0	0
62	211824461	9121	9121	11	0	2	0	0	0	2	0	1	0	2	0	0	0	2	0	0	0	2	0	0
63	261520332	8816	8816	3	0	0	0	1	0	0	0	1	0	0	0	0	0	0	0	1	0	0	0	0
64	1911749060	8840	8840	4	0	1	0	0	0	2	0	0	0	1	0	0	0	0	0	0	0	0	0	0
65	337424446	9044	9044	4	0	1	0	0	0	1	0	0	0	1	0	0	0	1	0	0	0	0	0	0
66	1666878690	8949	8949	0	0	0	0	0	0	0	0	0	0	0	0	0	0	0	0	0	0	0	0	0
67	770881480	8773	8773	0	0	0	0	0	0	0	0	0	0	0	0	0	0	0	0	0	0	0	0	0
68	50290518	8816	8816	0	0	0	0	0	0	0	0	0	0	0	0	0	0	0	0	0	0	0	0	0
69	1579484125	8820	8820	0	0	0	0	0	0	0	0	0	0	0	0	0	0	0	0	0	0	0	0	0
70	924924403	8854	8854	0	0	0	0	0	0	0	0	0	0	0	0	0	0	0	0	0	0	0	0	0
71	521859578	9019	9019	0	0	0	0	0	0	0	0	0	0	0	0	0	0	0	0	0	0	0	0	0
72	2064918280	8907	8907	1	0	0	0	0	0	0	0	0	0	0	0	0	0	0	0	0	1	0	0	0
73	264248081	8838	8838	1	0	0	0	0	0	0	0	0	0	0	1	0	0	0	0	0	0	0	0	0
74	59346766	8872	8872	0	0	0	0	0	0	0	0	0	0	0	0	0	0	0	0	0	0	0	0	0
75	2112225325	8827	8827	0	0	0	0	0	0	0	0	0	0	0	0	0	0	0	0	0	0	0	0	0
76	1399132103	8832	8832	0	0	0	0	0	0	0	0	0	0	0	0	0	0	0	0	0	0	0	0	0
77	1807444469	8731	8731	3	0	1	0	0	0	1	0	0	0	0	0	0	0	1	0	0	0	0	0	0
78	865842302	8703	8703	0	0	0	0	0	0	0	0	0	0	0	0	0	0	0	0	0	0	0	0	0
79	1564601125	8875	8875	0	0	0	0	0	0	0	0	0	0	0	0	0	0	0	0	0	0	0	0	0
80	512740212	8825	8825	4	0	0	1	0	0	0	1	0	0	1	0	0	0	0	1	0	0	0	0	0
81	642782584	8917	8917	5	1	0	0	0	1	0	0	0	1	0	0	0	1	0	0	0	1	0	0	0
82	343796144	8939	8939	0	0	0	0	0	0	0	0	0	0	0	0	0	0	0	0	0	0	0	0	0
83	2125549444	8928	8928	0	0	0	0	0	0	0	0	0	0	0	0	0	0	0	0	0	0	0	0	0
84	708462183	8987	8987	0	0	0	0	0	0	0	0	0	0	0	0	0	0	0	0	0	0	0	0	0
85	1441200730	8802	8802	3	0	0	0	1	0	0	0	1	0	0	0	0	0	0	0	1	0	0	0	0
86	990602136	8871	8871	3	0	1	0	0	0	0	0	0	0	0	1	0	0	0	0	0	0	0	1	0
87	872961683	8821	8821	2	0	0	0	0	0	0	0	0	0	1	0	0	0	0	0	0	0	1	0	0
88	702411975	8828	8828	0	0	0	0	0	0	0	0	0	0	0	0	0	0	0	0	0	0	0	0	0
89	699029413	8752	8752	0	0	0	0	0	0	0	0	0	0	0	0	0	0	0	0	0	0	0	0	0
90	1238220487	8919	8919	1	0	0	0	0	0	0	0	0	0	0	0	1	0	0	0	0	0	0	0	0
91	644865884	8867	8867	8	2	0	0	0	2	0	0	0	1	0	0	0	2	0	0	0	1	0	0	0
92	389105781	8788	8788	2	0	0	0	0	0	0	0	0	0	0	1	0	0	0	0	0	0	0	1	0
93	14310016	8826	8826	0	0	0	0	0	0	0	0	0	0	0	0	0	0	0	0	0	0	0	0	0
94	629391248	8980	8980	3	0	1	0	0	0	1	0	0	0	0	0	0	0	0	0	0	0	1	0	0
95	13679300	8720	8720	0	0	0	0	0	0	0	0	0	0	0	0	0	0	0	0	0	0	0	0	0
96	2130589338	8833	8833	0	0	0	0	0	0	0	0	0	0	0	0	0	0	0	0	0	0	0	0	0
97	793943987	8986	8986	9	0	0	0	1	0	0	0	1	0	2	0	1	0	0	0	2	0	2	0	0
98	411772564	9017	9017	0	0	0	0	0	0	0	0	0	0	0	0	0	0	0	0	0	0	0	0	0
99	1135068296	8935	8935	9	1	0	1	0	1	0	1	0	0	2	1	0	0	0	0	0	0	1	1	0
100	1744349983	8998	8998	0	0	0	0	0	0	0	0	0	0	0	0	0	0	0	0	0	0	0	0	0
101	283968096	8857	8857	2	0	0	0	0	0	0	0	0	0	1	0	0	0	0	0	0	0	1	0	0
102	1979401237	8914	8914	0	0	0	0	0	0	0	0	0	0	0	0	0	0	0	0	0	0	0	0	0
103	1789791092	8783	8783	4	0	1	0	0	0	1	0	0	0	0	0	0	0	1	0	0	1	0	0	0
104	781415963	9038	9038	0	0	0	0	0	0	0	0	0	0	0	0	0	0	0	0	0	0	0	0	0
105	1044827164	8805	8805	6	1	1	0	0	1	0	0	0	1	0	0	0	0	1	0	0	1	0	0	0
106	791653047	8885	8885	3	0	1	0	0	0	1	0	0	0	0	0	0	0	1	0	0	0	0	0	0
107	117148288	8938	8938	0	0	0	0	0	0	0	0	0	0	0	0	0	0	0	0	0	0	0	0	0
108	1601651746	8680	8680	0	0	0	0	0	0	0	0	0	0	0	0	0	0	0	0	0	0	0	0	0
109	1419340007	8880	8880	0	0	0	0	0	0	0	0	0	0	0	0	0	0	0	0	0	0	0	0	0
110	755745026	8896	8896	0	0	0	0	0	0	0	0	0	0	0	0	0	0	0	0	0	0	0	0	0
111	1695546319	8856	8856	1	0	0	0	0	0	0	0	0	0	0	0	0	0	0	0	0	1	0	0	0
112	763869880	8829	8829	2	0	0	0	0	0	0	0	0	1	0	0	0	0	0	0	0	1	0	0	0
113	764434886	8885	8885	0	0	0	0	0	0	0	0	0	0	0	0	0	0	0	0	0	0	0	0	0
114	1069191634	8835	8835	7	0	0	0	1	0	0	0	1	0	1	0	1	0	0	0	1	0	1	0	1
115	1774898299	8863	8863	3	0	0	0	1	0	0	0	1	0	0	0	0	0	0	0	1	0	0	0	0
116	1793288274	8842	8842	6	0	0	1	0	0	0	1	0	0	0	1	1	0	0	1	0	0	0	0	1
117	1395709893	8778	8778	5	0	0	1	0	0	0	1	1	0	0	1	0	0	0	1	0	0	0	0	0
118	516021060	8762	8762	0	0	0	0	0	0	0	0	0	0	0	0	0	0	0	0	0	0	0	0	0
119	290794975	8897	8897	0	0	0	0	0	0	0	0	0	0	0	0	0	0	0	0	0	0	0	0	0
120	1977845528	8680	8680	2	0	0	0	0	0	0	0	0	0	1	0	0	0	0	0	0	0	1	0	0
121	837795574	8909	8909	0	0	0	0	0	0	0	0	0	0	0	0	0	0	0	0	0	0	0	0	0
122	867108379	8816	8816	0	0	0	0	0	0	0	0	0	0	0	0	0	0	0	0	0	0	0	0	0
123	579931191	8759	8759	5	0	0	0	1	0	0	0	1	0	0	0	1	0	0	0	1	0	0	0	1
124	1001759367	8877	8877	4	1	0	0	0	1	0	0	0	1	0	0	0	1	0	0	0	0	0	0	0
125	1418576404	8807	8807	1	0	0	0	0	0	0	0	0	0	1	0	0	0	0	0	0	0	0	0	0
126	1255441457	8829	8829	11	0	1	1	0	0	1	1	0	1	1	1	0	0	0	1	0	1	0	2	0
127	538420893	8824	8824	0	0	0	0	0	0	0	0	0	0	0	0	0	0	0	0	0	0	0	0	0
128	254273000	8676	8676	1	0	0	0	0	0	0	0	0	0	0	0	0	0	0	0	0	1	0	0	0
129	1116417307	8805	8805	7	1	0	1	0	0	0	0	0	0	1	1	0	1	0	1	0	1	0	0	0
130	1833418371	8763	8763	2	0	0	0	0	0	0	0	0	0	0	0	1	0	0	0	0	0	0	0	1
131	189150438	8857	8857	0	0	0	0	0	0	0	0	0	0	0	0	0	0	0	0	0	0	0	0	0
132	1563197532	8729	8729	0	0	0	0	0	0	0	0	0	0	0	0	0	0	0	0	0	0	0	0	0
133	461994121	8656	8656	2	0	1	0	0	0	0	0	0	0	0	0	0	0	1	0	0	0	0	0	0
134	291860187	8816	8816	4	0	0	0	1	0	0	0	1	0	0	0	1	0	0	0	0	0	0	0	1
135	670759517	8699	8699	2	0	0	0	0	0	0	0	0	1	0	0	0	0	0	0	0	1	0	0	0
136	1594366361	8724	8724	1	0	0	0	0	1	0	0	0	0	0	0	0	0	0	0	0	0	0	0	0
137	151729559	8903	8903	7	0	1	0	0	0	2	0	0	0	2	0	0	0	0	0	0	0	2	0	0
138	1180815479	8835	8835	0	0	0	0	0	0	0	0	0	0	0	0	0	0	0	0	0	0	0	0	0
139	1907345581	8619	8619	0	0	0	0	0	0	0	0	0	0	0	0	0	0	0	0	0	0	0	0	0
140	1583491369	8877	8877	4	0	1	0	0	0	1	0	0	0	1	0	0	0	0	0	0	0	1	0	0
141	1725680708	8733	8733	0	0	0	0	0	0	0	0	0	0	0	0	0	0	0	0	0	0	0	0	0
142	1319647474	8844	8844	4	0	1	0	0	0	1	0	0	0	1	0	0	0	0	0	0	0	1	0	0
143	1929175885	8778	8778	0	0	0	0	0	0	0	0	0	0	0	0	0	0	0	0	0	0	0	0	0
144	1135334729	8841	8841	5	0	1	0	0	0	1	0	0	0	0	1	0	0	1	0	0	0	0	1	0
145	1339379907	8980	8980	0	0	0	0	0	0	0	0	0	0	0	0	0	0	0	0	0	0	0	0	0
146	2115305006	8787	8787	2	0	0	0	0	0	0	0	0	0	1	0	0	0	0	0	0	0	1	0	0
147	2063325630	8756	8756	0	0	0	0	0	0	0	0	0	0	0	0	0	0	0	0	0	0	0	0	0
148	216313105	8734	8734	1	0	0	0	0	0	0	0	0	0	0	0	0	0	0	0	0	0	1	0	0
149	1138722478	8812	8812	2	0	0	0	1	0	0	0	1	0	0	0	0	0	0	0	0	0	0	0	0
150	1913657919	9081	9081	5	1	0	0	0	1	0	0	0	0	0	0	1	1	0	0	0	0	0	0	1
151	126068782	8851	8851	11	0	2	0	0	0	2	0	0	0	2	0	0	0	2	0	0	1	2	0	0
152	943325953	8805	8805	10	0	0	2	0	0	0	2	0	0	0	2	0	0	0	2	0	1	0	1	0
153	1482070683	8867	8867	1	0	0	0	0	0	0	0	0	0	0	1	0	0	0	0	0	0	0	0	0
154	584416426	8678	8678	10	0	2	0	0	0	2	0	0	0	2	0	0	0	2	0	0	0	2	0	0
155	8740459	8919	8919	1	0	0	0	0	0	0	0	0	0	1	0	0	0	0	0	0	0	0	0	0
156	357098096	8769	8769	0	0	0	0	0	0	0	0	0	0	0	0	0	0	0	0	0	0	0	0	0
157	131447442	8826	8826	0	0	0	0	0	0	0	0	0	0	0	0	0	0	0	0	0	0	0	0	0
158	477002704	8933	8933	0	0	0	0	0	0	0	0	0	0	0	0	0	0	0	0	0	0	0	0	0
159	807242372	8792	8792	3	0	0	1	0	0	0	1	0	0	0	0	0	0	0	1	0	0	0	0	0
160	1704862658	8910	8910	3	0	0	0	0	0	0	1	0	0	0	1	0	0	0	0	0	0	0	1	0
161	2106801613	8663	8663	1	0	0	0	0	0	0	0	0	0	0	1	0	0	0	0	0	0	0	0	0
162	780977054	8878	8878	5	0	0	0	1	0	0	0	1	0	0	0	1	0	0	0	1	0	0	0	1
163	1170907779	8873	8873	0	0	0	0	0	0	0	0	0	0	0	0	0	0	0	0	0	0	0	0	0
164	1499501014	8781	8781	5	1	0	0	0	1	0	0	0	1	0	0	0	1	0	0	0	0	1	0	0
165	895730086	8758	8758	0	0	0	0	0	0	0	0	0	0	0	0	0	0	0	0	0	0	0	0	0
166	1289128567	8817	8817	0	0	0	0	0	0	0	0	0	0	0	0	0	0	0	0	0	0	0	0	0
167	1354226240	8737	8737	1	0	0	0	0	0	0	1	0	0	0	0	0	0	0	0	0	0	0	0	0
168	1667642497	8854	8854	2	0	0	0	0	0	0	0	0	0	0	0	1	0	0	0	0	0	0	0	1
169	324200093	8866	8866	7	0	1	0	0	1	1	1	0	0	0	0	0	0	1	0	0	1	1	0	0
170	1292112479	8707	8707	0	0	0	0	0	0	0	0	0	0	0	0	0	0	0	0	0	0	0	0	0
171	1582289754	8786	8786	1	0	0	0	0	0	0	0	0	1	0	0	0	0	0	0	0	0	0	0	0
172	173736832	8912	8912	2	0	1	0	0	0	0	0	0	0	0	0	0	0	1	0	0	0	0	0	0
173	1800698992	8734	8734	7	1	0	0	0	1	0	0	0	1	1	0	0	1	0	0	0	1	1	0	0
174	814851883	8791	8791	9	1	1	0	0	1	1	0	0	1	1	0	0	0	1	0	0	1	1	0	0
175	689454794	8887	8887	3	0	1	0	0	0	1	0	0	0	0	0	0	0	1	0	0	0	0	0	0
176	351572286	8775	8775	0	0	0	0	0	0	0	0	0	0	0	0	0	0	0	0	0	0	0	0	0
177	613512922	8806	8806	3	0	1	0	0	0	0	0	0	0	1	0	0	0	1	0	0	0	0	0	0
178	1316460133	8923	8923	3	0	0	0	0	0	1	0	0	0	1	0	0	0	0	0	0	0	1	0	0
179	997489600	8767	8767	2	0	0	0	0	1	0	0	0	1	0	0	0	0	0	0	0	0	0	0	0
180	1429504292	8737	8737	0	0	0	0	0	0	0	0	0	0	0	0	0	0	0	0	0	0	0	0	0
181	1822319338	8954	8954	0	0	0	0	0	0	0	0	0	0	0	0	0	0	0	0	0	0	0	0	0
182	862881628	8813	8813	0	0	0	0	0	0	0	0	0	0	0	0	0	0	0	0	0	0	0	0	0
183	59511563	8732	8732	8	0	0	0	1	0	0	0	1	0	2	0	0	0	0	0	1	0	2	0	1
184	643824796	8657	8657	5	0	1	0	0	0	1	0	0	0	1	0	0	0	1	0	0	0	1	0	0
185	488194225	8913	8913	0	0	0	0	0	0	0	0	0	0	0	0	0	0	0	0	0	0	0	0	0
186	135403839	9018	9018	0	0	0	0	0	0	0	0	0	0	0	0	0	0	0	0	0	0	0	0	0
187	1464698897	8944	8944	11	0	1	0	1	0	1	0	1	1	0	1	1	0	0	0	1	1	0	1	1
188	1684217249	8977	8977	5	0	1	0	0	0	1	0	0	0	1	0	0	0	1	0	0	0	1	0	0
189	1371591319	8746	8746	2	0	0	1	0	0	0	0	0	0	0	0	0	0	0	1	0	0	0	0	0
190	175286829	8730	8730	1	0	0	0	0	0	1	0	0	0	0	0	0	0	0	0	0	0	0	0	0
191	1036623989	8833	8833	6	1	1	0	0	1	1	0	0	0	0	0	0	1	1	0	0	0	0	0	0
192	427847656	8861	8861	2	0	0	0	0	0	0	0	0	1	0	0	0	0	0	0	0	1	0	0	0
193	2081501960	8893	8893	0	0	0	0	0	0	0	0	0	0	0	0	0	0	0	0	0	0	0	0	0
194	637866588	8950	8950	1	0	0	0	0	0	0	0	0	0	0	0	0	0	0	1	0	0	0	0	0
195	885870541	8812	8812	0	0	0	0	0	0	0	0	0	0	0	0	0	0	0	0	0	0	0	0	0
196	1113059774	8780	8780	4	0	1	0	0	0	1	0	0	0	1	0	0	0	1	0	0	0	0	0	0
197	1541435553	8816	8816	0	0	0	0	0	0	0	0	0	0	0	0	0	0	0	0	0	0	0	0	0
198	680262627	8731	8731	2	0	0	1	0	0	0	0	0	0	0	0	0	0	0	1	0	0	0	0	0
199	1220243002	8951	8951	0	0	0	0	0	0	0	0	0	0	0	0	0	0	0	0	0	0	0	0	0
200	163264112	8838	8838	0	0	0	0	0	0	0	0	0	0	0	0	0	0	0	0	0	0	0	0	0
201	394167372	8868	8868	0	0	0	0	0	0	0	0	0	0	0	0	0	0	0	0	0	0	0	0	0
202	403665601	8945	8945	2	0	0	0	0	0	0	0	0	0	1	0	0	0	0	0	0	0	1	0	0
203	890466113	8654	8654	4	1	0	0	1	0	0	0	0	0	0	0	0	1	0	0	1	0	0	0	0
204	1761521794	8796	8796	5	1	0	0	0	1	0	0	0	1	0	0	0	1	0	0	0	1	0	0	0
205	65343060	8691	8691	1	0	0	0	0	0	0	0	0	0	0	0	0	0	0	0	0	0	0	0	1
206	651125047	8779	8779	3	0	0	0	0	0	0	0	0	0	1	0	0	0	0	0	0	0	1	0	1
207	1397402968	8813	8813	3	0	0	0	0	0	0	0	1	0	1	0	0	0	0	0	0	0	1	0	0
208	703134217	8983	8983	9	2	0	0	0	2	0	0	0	1	0	0	0	2	0	0	0	1	1	0	0
209	1964838326	8821	8821	3	0	0	0	1	0	0	0	1	0	0	0	1	0	0	0	0	0	0	0	0
210	1780634802	8806	8806	0	0	0	0	0	0	0	0	0	0	0	0	0	0	0	0	0	0	0	0	0
211	1888128276	8878	8878	1	0	0	0	0	0	0	0	0	0	0	0	0	1	0	0	0	0	0	0	0
212	105524297	8867	8867	4	0	1	0	0	0	1	0	0	0	0	0	0	0	1	0	0	0	1	0	0
213	1596659931	8728	8728	4	0	0	0	0	0	0	0	0	0	1	1	0	0	0	0	0	0	1	1	0
214	117478267	8824	8824	0	0	0	0	0	0	0	0	0	0	0	0	0	0	0	0	0	0	0	0	0
215	1668311292	8996	8996	4	1	0	0	0	1	0	0	0	1	0	0	0	1	0	0	0	0	0	0	0
216	1518389268	8776	8776	6	0	1	0	0	0	1	0	0	0	1	0	0	0	2	0	0	0	1	0	0
217	73180014	8848	8848	0	0	0	0	0	0	0	0	0	0	0	0	0	0	0	0	0	0	0	0	0
218	1371114670	8798	8798	0	0	0	0	0	0	0	0	0	0	0	0	0	0	0	0	0	0	0	0	0
219	2019665349	8814	8814	4	0	0	0	0	0	0	0	0	0	2	0	0	0	0	0	0	0	2	0	0
220	1879663618	8748	8748	2	0	0	0	1	0	0	0	0	0	0	0	0	0	0	0	1	0	0	0	0
221	196447606	8632	8632	0	0	0	0	0	0	0	0	0	0	0	0	0	0	0	0	0	0	0	0	0
222	1370148607	8902	8902	3	0	1	0	0	0	1	0	0	0	0	0	0	0	1	0	0	0	0	0	0
223	1345278514	8867	8867	1	0	0	0	0	0	0	1	0	0	0	0	0	0	0	0	0	0	0	0	0
224	1672794915	8845	8845	2	0	0	1	0	0	0	0	0	0	0	0	0	0	0	0	1	0	0	0	0
225	1281913577	8783	8783	6	1	0	0	0	1	0	0	0	1	1	0	0	0	0	0	0	1	1	0	0
226	538847245	8802	8802	0	0	0	0	0	0	0	0	0	0	0	0	0	0	0	0	0	0	0	0	0
227	1630875372	8844	8844	0	0	0	0	0	0	0	0	0	0	0	0	0	0	0	0	0	0	0	0	0
228	243605499	8683	8683	5	0	0	1	0	0	0	0	0	0	1	0	0	0	0	1	0	0	1	1	0
229	471697096	8846	8846	2	0	0	0	0	0	0	0	0	1	0	0	0	0	0	0	0	1	0	0	0
230	2088099502	8815	8815	0	0	0	0	0	0	0	0	0	0	0	0	0	0	0	0	0	0	0	0	0
231	509800571	8848	8848	2	0	0	0	0	0	1	0	0	0	1	0	0	0	0	0	0	0	0	0	0
232	414066533	8952	8952	0	0	0	0	0	0	0	0	0	0	0	0	0	0	0	0	0	0	0	0	0
233	747814339	8737	8737	0	0	0	0	0	0	0	0	0	0	0	0	0	0	0	0	0	0	0	0	0
234	142851377	8859	8859	9	0	0	1	1	0	1	1	1	1	1	0	0	0	0	0	1	0	1	0	0
235	219966046	8899	8899	5	1	0	0	0	1	0	0	0	1	0	0	0	0	0	0	0	1	1	0	0
236	1326504494	8895	8895	1	0	0	0	0	0	0	1	0	0	0	0	0	0	0	0	0	0	0	0	0
237	929819720	8656	8656	1	0	0	0	0	0	0	0	0	0	0	0	0	0	0	0	0	0	1	0	0
238	414273893	8993	8993	0	0	0	0	0	0	0	0	0	0	0	0	0	0	0	0	0	0	0	0	0
239	1977601016	8873	8873	4	0	1	0	0	0	1	0	0	0	0	0	0	0	1	0	0	0	1	0	0
240	2144306979	8780	8780	6	1	0	0	1	1	0	0	1	0	0	0	0	1	0	0	1	0	0	0	0
241	2014756451	8811	8811	4	0	1	0	0	0	1	0	0	0	0	0	0	0	2	0	0	0	0	0	0
242	252935743	8902	8902	0	0	0	0	0	0	0	0	0	0	0	0	0	0	0	0	0	0	0	0	0
243	1818300119	8989	8989	2	0	1	0	0	0	1	0	0	0	0	0	0	0	0	0	0	0	0	0	0
244	945122136	8846	8846	0	0	0	0	0	0	0	0	0	0	0	0	0	0	0	0	0	0	0	0	0
245	953991455	8868	8868	0	0	0	0	0	0	0	0	0	0	0	0	0	0	0	0	0	0	0	0	0
246	1415286941	8909	8909	6	0	0	1	0	0	0	2	0	0	0	1	0	0	0	1	0	0	0	1	0
247	696344538	8824	8824	9	1	0	1	0	1	0	0	0	1	0	1	0	1	0	1	0	1	0	1	0
248	1645834419	8754	8754	11	1	1	0	0	1	1	0	0	1	2	0	0	1	1	0	0	1	1	0	0
249	1038056380	8781	8781	0	0	0	0	0	0	0	0	0	0	0	0	0	0	0	0	0	0	0	0	0
250	2025376039	8811	8811	2	0	0	0	0	0	0	0	0	0	0	1	0	0	0	0	0	1	0	0	0
251	774895479	8929	8929	1	0	1	0	0	0	0	0	0	0	0	0	0	0	0	0	0	0	0	0	0
252	895366567	8802	8802	0	0	0	0	0	0	0	0	0	0	0	0	0	0	0	0	0	0	0	0	0
253	918603153	9022	9022	2	0	0	0	0	0	0	0	0	0	1	0	0	0	1	0	0	0	0	0	0
254	684578284	8800	8800	0	0	0	0	0	0	0	0	0	0	0	0	0	0	0	0	0	0	0	0	0
255	1956147686	8804	8804	5	0	1	0	0	0	1	0	0	0	1	0	0	0	1	0	0	0	1	0	0
256	62068790	8974	8974	2	0	1	0	0	0	0	0	0	0	0	0	0	0	1	0	0	0	0	0	0
257	837171201	8877	8877	0	0	0	0	0	0	0	0	0	0	0	0	0	0	0	0	0	0	0	0	0
258	314445888	8921	8921	2	0	0	1	0	0	0	1	0	0	0	0	0	0	0	0	0	0	0	0	0
259	299569530	8825	8825	2	0	0	0	0	1	0	0	0	1	0	0	0	0	0	0	0	0	0	0	0
260	525317338	8851	8851	3	0	1	0	0	0	1	0	0	0	0	0	0	0	1	0	0	0	0	0	0
261	405717978	8788	8788	5	0	1	0	0	0	1	0	0	0	2	0	0	0	0	0	0	0	1	0	0
262	1139253888	8906	8906	0	0	0	0	0	0	0	0	0	0	0	0	0	0	0	0	0	0	0	0	0
263	1012389557	8859	8859	10	1	0	0	1	1	0	0	1	0	1	0	1	1	0	0	1	0	1	0	1
264	917364322	8720	8720	0	0	0	0	0	0	0	0	0	0	0	0	0	0	0	0	0	0	0	0	0
265	1192383506	8822	8822	0	0	0	0	0	0	0	0	0	0	0	0	0	0	0	0	0	0	0	0	0
266	967762386	8815	8815	0	0	0	0	0	0	0	0	0	0	0	0	0	0	0	0	0	0	0	0	0
267	2137477854	8519	8519	0	0	0	0	0	0	0	0	0	0	0	0	0	0	0	0	0	0	0	0	0
268	1589662522	8740	8740	6	0	1	0	0	0	2	0	0	0	0	0	0	0	2	0	0	0	1	0	0
269	1918704963	8735	8735	0	0	0	0	0	0	0	0	0	0	0	0	0	0	0	0	0	0	0	0	0
270	1733218298	8841	8841	9	1	0	0	1	0	0	0	1	0	0	1	1	1	0	0	1	0	0	1	1
271	1070019295	8882	8882	5	0	1	0	0	0	1	0	0	0	1	0	0	0	1	0	0	0	1	0	0
272	1935319226	8864	8864	1	0	0	0	0	0	0	0	0	0	0	0	0	0	0	0	0	0	1	0	0
273	465775999	8781	8781	5	0	0	0	1	0	0	0	1	0	0	0	1	0	0	0	1	0	0	0	1
274	129400056	8646	8646	1	0	0	0	0	0	0	0	0	0	0	0	0	1	0	0	0	0	0	0	0
275	1580460111	8824	8824	0	0	0	0	0	0	0	0	0	0	0	0	0	0	0	0	0	0	0	0	0
276	1025780724	8960	8960	3	0	1	0	0	0	1	0	0	0	0	0	0	0	1	0	0	0	0	0	0
277	1716686123	8847	8847	1	0	0	0	0	0	0	0	0	0	0	0	0	0	0	0	1	0	0	0	0
278	2118346017	8852	8852	0	0	0	0	0	0	0	0	0	0	0	0	0	0	0	0	0	0	0	0	0
279	353983588	8698	8698	1	1	0	0	0	0	0	0	0	0	0	0	0	0	0	0	0	0	0	0	0
280	1810367977	8840	8840	0	0	0	0	0	0	0	0	0	0	0	0	0	0	0	0	0	0	0	0	0
281	1999554561	8987	8987	5	0	0	0	1	0	0	0	1	0	0	0	1	0	0	0	1	0	0	0	1
282	476860985	8812	8812	0	0	0	0	0	0	0	0	0	0	0	0	0	0	0	0	0	0	0	0	0
283	1407704745	8887	8887	0	0	0	0	0	0	0	0	0	0	0	0	0	0	0	0	0	0	0	0	0
284	1070397406	8944	8944	0	0	0	0	0	0	0	0	0	0	0	0	0	0	0	0	0	0	0	0	0
285	1907886757	8888	8888	0	0	0	0	0	0	0	0	0	0	0	0	0	0	0	0	0	0	0	0	0
286	1304466623	8989	8989	2	0	0	0	0	0	0	0	0	0	1	0	0	0	1	0	0	0	0	0	0
287	1823786068	8771	8771	0	0	0	0	0	0	0	0	0	0	0	0	0	0	0	0	0	0	0	0	0
288	535181635	8787	8787	0	0	0	0	0	0	0	0	0	0	0	0	0	0	0	0	0	0	0	0	0
289	735345769	8949	8949	8	1	0	0	1	1	0	0	1	0	0	0	1	1	0	0	1	0	0	0	1
290	936149773	8786	8785	2	0	0	0	0	0	0	0	0	1	0	0	0	0	0	0	0	1	0	0	0
291	1652894757	8747	8747	5	0	1	0	0	0	1	0	0	1	0	0	0	0	1	0	0	1	0	0	0
292	1126237838	8831	8831	1	0	0	0	0	0	0	0	0	0	0	0	0	0	0	0	0	1	0	0	0
293	755930389	8965	8965	0	0	0	0	0	0	0	0	0	0	0	0	0	0	0	0	0	0	0	0	0
294	24048374	8842	8842	2	0	0	0	0	0	0	0	0	0	0	0	1	0	0	0	0	0	0	0	1
295	1186623398	8747	8747	0	0	0	0	0	0	0	0	0	0	0	0	0	0	0	0	0	0	0	0	0
296	102027018	8900	8900	1	0	0	0	0	0	0	0	0	0	0	0	0	0	1	0	0	0	0	0	0
297	2058644648	8701	8701	1	0	0	0	0	0	0	0	0	0	0	0	0	0	0	0	0	0	1	0	0
298	1427215209	8941	8941	1	0	0	0	0	0	0	0	0	0	0	0	0	0	0	0	0	0	1	0	0
299	865947338	8778	8778	0	0	0	0	0	0	0	0	0	0	0	0	0	0	0	0	0	0	0	0	0
300	1297998556	8745	8745	2	0	0	0	0	0	0	0	0	0	1	0	0	0	0	0	0	0	1	0	0
301	120791357	8912	8912	0	0	0	0	0	0	0	0	0	0	0	0	0	0	0	0	0	0	0	0	0
302	1708106163	8770	8770	11	0	1	0	0	0	1	0	0	1	1	1	0	0	1	0	1	2	1	1	0
303	1576358331	8658	8658	2	0	0	1	0	0	0	1	0	0	0	0	0	0	0	0	0	0	0	0	0
304	925004793	8969	8969	2	0	0	1	0	0	0	0	0	0	0	0	0	0	0	1	0	0	0	0	0
305	1075577006	8841	8841	5	0	1	0	0	0	1	0	0	0	1	0	0	0	2	0	0	0	0	0	0
306	989759644	8733	8733	3	0	0	1	0	0	0	1	0	0	0	0	0	0	0	1	0	0	0	0	0
307	396343183	8944	8944	0	0	0	0	0	0	0	0	0	0	0	0	0	0	0	0	0	0	0	0	0
308	876295003	8744	8744	1	0	0	0	0	0	0	0	0	0	0	0	0	0	0	0	0	1	0	0	0
309	1079203231	9072	9072	1	0	0	0	0	0	0	0	0	0	1	0	0	0	0	0	0	0	0	0	0
310	25123659	8807	8807	0	0	0	0	0	0	0	0	0	0	0	0	0	0	0	0	0	0	0	0	0
311	71075360	8923	8923	2	0	0	0	0	0	0	0	0	1	0	0	0	0	0	0	0	1	0	0	0
312	649979099	8908	8908	1	0	0	0	0	0	0	0	0	0	0	0	0	0	0	0	0	0	1	0	0
313	572551567	8849	8849	2	0	1	0	0	0	0	0	0	0	0	0	0	0	1	0	0	0	0	0	0
314	1410421452	8862	8862	2	0	0	0	0	0	0	0	0	0	0	1	0	0	0	1	0	0	0	0	0
315	915643137	8657	8657	0	0	0	0	0	0	0	0	0	0	0	0	0	0	0	0	0	0	0	0	0
316	551491018	8833	8833	8	0	1	1	0	0	1	1	0	0	0	1	0	0	1	1	0	0	0	1	0
317	1316439640	8882	8882	1	0	0	0	0	0	0	0	0	0	0	1	0	0	0	0	0	0	0	0	0
318	1227572290	8850	8850	1	0	0	0	0	0	0	0	0	0	0	0	0	0	0	0	1	0	0	0	0
319	124533305	8623	8623	1	0	0	0	0	0	0	0	0	0	0	0	0	0	1	0	0	0	0	0	0
320	902434339	8908	8908	4	1	0	0	0	1	0	0	0	1	0	0	0	1	0	0	0	0	0	0	0
321	1841400310	8742	8742	2	0	0	0	0	0	0	0	0	0	1	0	0	0	0	0	0	0	1	0	0
322	1689304230	8880	8880	3	0	0	0	0	0	0	0	0	0	0	1	0	0	0	0	0	0	1	1	0
323	1724615880	9009	9009	5	0	0	0	0	1	0	0	0	1	1	0	0	0	0	0	0	1	1	0	0
324	1890466964	8944	8944	1	0	0	0	0	0	0	0	0	0	1	0	0	0	0	0	0	0	0	0	0
325	1202505984	8769	8769	0	0	0	0	0	0	0	0	0	0	0	0	0	0	0	0	0	0	0	0	0
326	1213198103	8701	8701	0	0	0	0	0	0	0	0	0	0	0	0	0	0	0	0	0	0	0	0	0
327	314113013	8929	8929	6	0	1	0	0	0	1	0	0	0	1	0	1	0	0	0	0	0	1	0	1
328	2049964430	8838	8838	3	0	0	1	0	0	0	1	0	0	0	0	0	0	0	1	0	0	0	0	0
329	2072524753	8881	8881	2	0	0	0	0	0	0	0	0	1	0	0	0	0	0	0	0	1	0	0	0
330	681451109	8858	8858	1	0	0	0	0	0	0	0	0	0	0	0	0	0	0	1	0	0	0	0	0
331	1812468063	9026	9026	1	0	0	0	0	0	0	0	0	0	0	0	0	0	0	0	0	0	0	0	1
332	204033643	8693	8693	0	0	0	0	0	0	0	0	0	0	0	0	0	0	0	0	0	0	0	0	0
333	422315560	8859	8859	3	0	0	0	0	0	1	0	0	0	1	0	0	0	0	0	0	0	1	0	0
334	512107714	8800	8800	1	0	0	0	0	0	0	0	0	0	0	0	0	0	0	1	0	0	0	0	0
335	1143996451	8962	8962	12	0	1	0	2	0	1	0	2	0	1	0	1	0	1	0	1	0	1	0	1
336	1351696483	8888	8888	0	0	0	0	0	0	0	0	0	0	0	0	0	0	0	0	0	0	0	0	0
337	1772631959	8778	8778	4	0	0	1	0	0	0	1	0	0	0	1	0	0	0	0	0	0	0	1	0
338	1685203986	8937	8936	2	0	0	0	0	0	0	0	0	1	0	0	0	0	0	0	0	1	0	0	0
339	2047869304	8799	8799	0	0	0	0	0	0	0	0	0	0	0	0	0	0	0	0	0	0	0	0	0
340	398136544	8718	8718	1	0	0	0	0	0	0	0	0	1	0	0	0	0	0	0	0	0	0	0	0
341	1674008993	8781	8781	0	0	0	0	0	0	0	0	0	0	0	0	0	0	0	0	0	0	0	0	0
342	520427012	8741	8741	7	1	1	0	0	1	1	0	0	0	1	0	0	0	1	0	0	0	1	0	0
343	1850701861	8946	8946	0	0	0	0	0	0	0	0	0	0	0	0	0	0	0	0	0	0	0	0	0
344	987308359	8913	8913	0	0	0	0	0	0	0	0	0	0	0	0	0	0	0	0	0	0	0	0	0
345	31332720	8865	8865	0	0	0	0	0	0	0	0	0	0	0	0	0	0	0	0	0	0	0	0	0
346	1970738329	8924	8923	0	0	0	0	0	0	0	0	0	0	0	0	0	0	0	0	0	0	0	0	0
347	667964102	8822	8822	1	0	0	0	0	0	0	0	0	0	0	0	0	1	0	0	0	0	0	0	0
348	61515540	8698	8698	3	0	1	0	0	0	1	0	0	0	0	0	0	0	1	0	0	0	0	0	0
349	1528806240	8770	8770	1	0	0	0	0	0	0	0	0	0	0	0	0	0	0	0	0	0	1	0	0
350	687731296	8892	8892	0	0	0	0	0	0	0	0	0	0	0	0	0	0	0	0	0	0	0	0	0
351	1159047753	8909	8909	0	0	0	0	0	0	0	0	0	0	0	0	0	0	0	0	0	0	0	0	0
352	620381378	8806	8806	0	0	0	0	0	0	0	0	0	0	0	0	0	0	0	0	0	0	0	0	0
353	1663279027	8864	8864	0	0	0	0	0	0	0	0	0	0	0	0	0	0	0	0	0	0	0	0	0
354	688912526	8920	8920	0	0	0	0	0	0	0	0	0	0	0	0	0	0	0	0	0	0	0	0	0
355	1340020746	8896	8896	0	0	0	0	0	0	0	0	0	0	0	0	0	0	0	0	0	0	0	0	0
356	1385146113	8939	8939	0	0	0	0	0	0	0	0	0	0	0	0	0	0	0	0	0	0	0	0	0
357	1358014457	8764	8764	0	0	0	0	0	0	0	0	0	0	0	0	0	0	0	0	0	0	0	0	0
358	1846436924	8739	8739	2	0	0	0	0	0	0	0	0	1	0	0	0	0	0	0	0	1	0	0	0
359	168407850	8880	8880	3	0	1	0	0	0	1	0	0	0	0	0	0	0	1	0	0	0	0	0	0
360	1521194470	8861	8861	0	0	0	0	0	0	0	0	0	0	0	0	0	0	0	0	0	0	0	0	0
361	1053485195	8817	8817	2	0	0	0	0	0	1	0	0	0	0	0	0	0	1	0	0	0	0	0	0
362	1966238442	8735	8735	0	0	0	0	0	0	0	0	0	0	0	0	0	0	0	0	0	0	0	0	0
363	114840825	8858	8858	2	0	0	0	0	0	0	0	0	1	0	0	0	0	0	0	0	1	0	0	0
364	1489919695	8816	8816	0	0	0	0	0	0	0	0	0	0	0	0	0	0	0	0	0	0	0	0	0
365	1684329740	8773	8773	5	0	0	0	0	0	1	0	0	0	1	0	1	0	0	0	0	0	1	0	1
366	2138120878	8891	8891	2	0	0	0	0	0	0	0	0	0	0	1	0	0	0	0	0	0	0	1	0
367	588921079	8813	8813	1	0	0	0	0	0	0	0	0	0	1	0	0	0	0	0	0	0	0	0	0
368	1606457554	8878	8878	0	0	0	0	0	0	0	0	0	0	0	0	0	0	0	0	0	0	0	0	0
369	1282796011	8871	8871	7	0	0	1	0	0	0	1	0	0	0	1	1	0	0	1	0	0	0	1	1
370	568176298	8750	8750	1	0	0	0	0	0	0	0	0	0	0	0	0	0	0	0	1	0	0	0	0
371	2142745036	8835	8835	2	0	0	0	0	0	0	0	0	0	0	1	0	0	0	0	0	0	0	1	0
372	1938850963	8867	8867	1	0	0	0	0	0	0	0	0	0	0	0	0	0	0	0	0	0	0	1	0
373	47874088	8635	8635	4	0	1	0	1	0	0	0	1	0	1	0	0	0	0	0	0	0	0	0	0
374	2002625008	8892	8892	2	0	0	0	0	0	0	0	0	0	1	0	0	0	0	0	0	0	0	0	1
375	1578820676	8788	8788	1	0	0	0	0	0	0	0	0	0	0	0	0	0	0	0	0	0	1	0	0
376	991097359	8859	8859	0	0	0	0	0	0	0	0	0	0	0	0	0	0	0	0	0	0	0	0	0
377	1758593382	8798	8798	5	0	1	0	0	0	1	0	0	0	1	0	0	0	1	0	0	0	1	0	0
378	2026352496	8957	8957	0	0	0	0	0	0	0	0	0	0	0	0	0	0	0	0	0	0	0	0	0
379	968204228	8706	8706	3	1	0	0	0	1	0	0	0	0	0	0	0	1	0	0	0	0	0	0	0
380	1460532521	8682	8682	5	0	1	0	0	0	1	0	0	0	0	1	0	0	1	0	0	0	0	1	0
381	2111355009	9012	9012	2	0	0	0	0	0	0	0	0	0	1	0	0	0	0	0	0	0	1	0	0
382	1269087555	8885	8885	0	0	0	0	0	0	0	0	0	0	0	0	0	0	0	0	0	0	0	0	0
383	981809647	8803	8803	2	0	0	0	0	0	0	0	0	1	0	0	0	0	0	0	0	1	0	0	0
384	1784249076	8823	8823	1	0	0	0	0	0	0	0	0	0	0	1	0	0	0	0	0	0	0	0	0
385	1372843743	8741	8741	0	0	0	0	0	0	0	0	0	0	0	0	0	0	0	0	0	0	0	0	0
386	418691403	8673	8673	0	0	0	0	0	0	0	0	0	0	0	0	0	0	0	0	0	0	0	0	0
387	643991609	8962	8962	4	0	0	0	1	0	0	0	1	0	0	0	1	0	0	0	0	0	0	0	1
388	797634211	8962	8962	5	0	1	0	0	0	1	0	0	0	1	0	0	0	1	1	0	0	0	0	0
389	198787823	9040	9040	2	0	1	0	0	0	0	0	0	0	0	0	0	0	1	0	0	0	0	0	0
390	528043929	8929	8929	2	0	1	0	0	0	1	0	0	0	0	0	0	0	0	0	0	0	0	0	0
391	1662100233	8825	8825	0	0	0	0	0	0	0	0	0	0	0	0	0	0	0	0	0	0	0	0	0
392	537552615	8882	8882	4	0	0	0	0	0	0	0	1	0	0	0	1	0	0	1	0	0	0	0	1
393	1591323495	8760	8760	0	0	0	0	0	0	0	0	0	0	0	0	0	0	0	0	0	0	0	0	0
394	275530725	8754	8754	3	1	0	0	0	1	0	0	0	0	0	0	0	1	0	0	0	0	0	0	0
395	860745813	8870	8870	1	0	0	0	0	0	0	0	0	0	0	0	0	0	0	0	0	0	1	0	0
396	923728664	8742	8742	3	0	1	0	0	0	1	0	0	0	0	0	0	0	0	0	0	0	1	0	0
397	4924312	8948	8948	0	0	0	0	0	0	0	0	0	0	0	0	0	0	0	0	0	0	0	0	0
398	410801486	8724	8724	0	0	0	0	0	0	0	0	0	0	0	0	0	0	0	0	0	0	0	0	0
399	1447667018	8709	8709	0	0	0	0	0	0	0	0	0	0	0	0	0	0	0	0	0	0	0	0	0
400	1120273072	8778	8778	8	0	2	0	1	0	1	0	0	0	1	0	0	0	1	0	1	0	1	0	0
401	1069452700	8739	8739	0	0	0	0	0	0	0	0	0	0	0	0	0	0	0	0	0	0	0	0	0
402	1189232517	8730	8730	0	0	0	0	0	0	0	0	0	0	0	0	0	0	0	0	0	0	0	0	0
403	1333748375	9002	9002	0	0	0	0	0	0	0	0	0	0	0	0	0	0	0	0	0	0	0	0	0
404	1489109145	8920	8920	3	0	0	0	1	0	0	0	1	0	0	0	0	0	0	0	1	0	0	0	0
405	1352880976	8767	8767	3	0	0	0	1	0	0	0	0	0	0	0	0	1	0	0	1	0	0	0	0
406	1682348477	8796	8796	6	1	0	0	0	1	0	0	0	1	0	0	1	1	0	0	0	0	0	0	1
407	92015253	8757	8757	0	0	0	0	0	0	0	0	0	0	0	0	0	0	0	0	0	0	0	0	0
408	519954347	8670	8670	0	0	0	0	0	0	0	0	0	0	0	0	0	0	0	0	0	0	0	0	0
409	1881944441	8955	8955	0	0	0	0	0	0	0	0	0	0	0	0	0	0	0	0	0	0	0	0	0
410	1890883894	8869	8869	1	0	0	0	0	0	0	0	0	0	0	0	0	0	0	0	0	0	0	0	1
411	1355172685	9023	9023	0	0	0	0	0	0	0	0	0	0	0	0	0	0	0	0	0	0	0	0	0
412	1012240244	8869	8869	6	0	0	0	1	0	1	0	1	0	0	0	0	0	0	0	1	0	1	0	1
413	1095706256	8917	8917	5	0	1	0	0	0	1	0	0	0	1	0	0	0	1	0	0	0	1	0	0
414	427064490	8777	8777	0	0	0	0	0	0	0	0	0	0	0	0	0	0	0	0	0	0	0	0	0
415	735331237	8736	8736	0	0	0	0	0	0	0	0	0	0	0	0	0	0	0	0	0	0	0	0	0
416	1245301667	8856	8856	0	0	0	0	0	0	0	0	0	0	0	0	0	0	0	0	0	0	0	0	0
417	261274278	8764	8764	0	0	0	0	0	0	0	0	0	0	0	0	0	0	0	0	0	0	0	0	0
418	552646022	8695	8695	3	0	0	0	1	0	0	0	1	0	0	0	0	0	0	0	1	0	0	0	0
419	605377181	8828	8828	0	0	0	0	0	0	0	0	0	0	0	0	0	0	0	0	0	0	0	0	0
420	845726594	9030	9030	1	0	0	0	0	0	0	0	0	0	0	0	0	1	0	0	0	0	0	0	0
421	1151481337	8767	8767	8	0	1	0	1	0	1	0	1	0	0	1	1	0	1	0	0	0	0	0	1
422	906199588	8883	8883	0	0	0	0	0	0	0	0	0	0	0	0	0	0	0	0	0	0	0	0	0
423	1096116341	8626	8626	0	0	0	0	0	0	0	0	0	0	0	0	0	0	0	0	0	0	0	0	0
424	1539528891	8938	8938	0	0	0	0	0	0	0	0	0	0	0	0	0	0	0	0	0	0	0	0	0
425	202559714	8789	8789	2	0	0	0	0	0	0	0	0	0	0	1	0	0	0	0	0	0	0	1	0
426	341892446	8770	8770	2	0	0	0	1	0	0	0	0	0	0	0	0	0	0	0	1	0	0	0	0
427	607076434	8853	8853	0	0	0	0	0	0	0	0	0	0	0	0	0	0	0	0	0	0	0	0	0
428	1001923581	8838	8838	3	0	0	1	0	0	0	1	0	0	0	0	0	0	0	1	0	0	0	0	0
429	191690247	8935	8935	8	0	0	0	0	0	1	0	0	1	1	0	1	0	0	0	0	1	2	0	1
430	598591352	8900	8900	7	0	0	0	1	0	1	0	1	0	1	0	1	0	0	0	0	0	1	0	1
431	84478112	8946	8946	3	0	1	0	0	0	1	0	0	0	0	0	0	0	1	0	0	0	0	0	0
432	153692187	8831	8831	0	0	0	0	0	0	0	0	0	0	0	0	0	0	0	0	0	0	0	0	0
433	618273587	8780	8780	0	0	0	0	0	0	0	0	0	0	0	0	0	0	0	0	0	0	0	0	0
434	1623483919	8877	8877	0	0	0	0	0	0	0	0	0	0	0	0	0	0	0	0	0	0	0	0	0
435	1822674081	8762	8762	5	0	0	0	0	0	1	0	0	0	1	1	0	0	0	0	0	0	1	1	0
436	1807520619	8882	8882	2	0	0	1	0	0	0	1	0	0	0	0	0	0	0	0	0	0	0	0	0
437	105877790	8747	8747	1	0	0	0	0	0	0	0	0	0	1	0	0	0	0	0	0	0	0	0	0
438	743804321	8785	8785	2	0	0	0	0	0	0	0	0	0	1	0	0	0	0	0	0	0	1	0	0
439	663187822	8839	8839	6	0	0	0	0	0	1	0	0	0	2	0	0	0	0	1	1	0	1	0	0
440	619708325	8722	8722	0	0	0	0	0	0	0	0	0	0	0	0	0	0	0	0	0	0	0	0	0
441	2112841567	8994	8994	5	0	0	0	0	0	1	0	0	1	1	0	0	0	0	0	0	1	1	0	0
442	449893096	8807	8807	0	0	0	0	0	0	0	0	0	0	0	0	0	0	0	0	0	0	0	0	0
443	1530900662	8797	8797	0	0	0	0	0	0	0	0	0	0	0	0	0	0	0	0	0	0	0	0	0
444	321563225	8850	8850	3	0	0	0	1	0	0	0	1	0	0	0	0	0	0	0	1	0	0	0	0
445	669824074	8841	8841	7	0	1	1	0	0	1	0	0	0	1	0	0	0	1	1	0	0	1	0	0
446	96326954	9018	9018	2	0	0	0	0	0	0	1	0	0	0	0	0	0	0	0	0	0	0	0	1
447	308629458	8867	8867	0	0	0	0	0	0	0	0	0	0	0	0	0	0	0	0	0	0	0	0	0
448	1521827340	8889	8889	3	0	0	0	1	0	0	0	1	0	0	0	0	0	0	0	0	0	0	0	1
449	567554384	8597	8597	0	0	0	0	0	0	0	0	0	0	0	0	0	0	0	0	0	0	0	0	0
450	1549850964	8808	8808	3	1	0	0	0	1	0	0	0	0	0	0	0	1	0	0	0	0	0	0	0
451	1469168446	8644	8644	3	0	0	0	0	0	1	1	0	0	0	0	0	0	0	0	0	0	1	0	0
452	909936975	8874	8874	3	0	0	0	0	0	0	0	0	0	2	0	0	0	0	0	0	0	1	0	0
453	1265030870	8911	8911	0	0	0	0	0	0	0	0	0	0	0	0	0	0	0	0	0	0	0	0	0
454	841052710	8896	8896	1	0	0	0	0	0	0	0	0	0	0	0	0	0	0	0	0	0	1	0	0
455	1423963137	8687	8687	7	0	0	1	0	0	0	1	0	0	1	1	0	0	0	1	0	0	1	1	0
456	1742760224	8759	8759	0	0	0	0	0	0	0	0	0	0	0	0	0	0	0	0	0	0	0	0	0
457	303802442	8693	8693	0	0	0	0	0	0	0	0	0	0	0	0	0	0	0	0	0	0	0	0	0
458	1424041769	8839	8839	0	0	0	0	0	0	0	0	0	0	0	0	0	0	0	0	0	0	0	0	0
459	697938686	8703	8703	3	0	1	0	0	0	0	0	0	0	1	0	0	0	1	0	0	0	0	0	0
460	1079294612	9044	9044	3	0	0	1	0	0	0	1	0	0	0	0	0	0	0	1	0	0	0	0	0
461	2029459738	8902	8902	9	1	0	1	0	1	0	1	0	0	1	0	0	1	0	1	0	0	1	1	0
462	728349183	8925	8925	1	0	0	0	0	0	1	0	0	0	0	0	0	0	0	0	0	0	0	0	0
463	566950641	8960	8960	0	0	0	0	0	0	0	0	0	0	0	0	0	0	0	0	0	0	0	0	0
464	1652059435	9015	9015	2	0	0	0	0	0	1	0	0	0	0	0	0	0	0	0	0	0	1	0	0
465	105696157	8739	8739	6	1	1	0	0	1	1	0	0	0	0	0	0	1	1	0	0	0	0	0	0
466	1908433947	8877	8877	0	0	0	0	0	0	0	0	0	0	0	0	0	0	0	0	0	0	0	0	0
467	630169788	8839	8839	6	0	0	1	1	0	0	1	1	0	0	1	0	0	0	0	0	0	0	1	0
468	1100271303	8970	8970	3	0	0	0	0	0	0	0	0	0	0	1	0	0	0	0	0	0	0	1	1
469	585583216	8873	8873	5	0	0	1	0	0	0	1	0	0	0	1	0	0	0	1	0	0	0	1	0
470	663535444	8879	8879	0	0	0	0	0	0	0	0	0	0	0	0	0	0	0	0	0	0	0	0	0
471	1086019243	8851	8851	0	0	0	0	0	0	0	0	0	0	0	0	0	0	0	0	0	0	0	0	0
472	1098069826	9020	9020	0	0	0	0	0	0	0	0	0	0	0	0	0	0	0	0	0	0	0	0	0
473	1244736009	8769	8769	0	0	0	0	0	0	0	0	0	0	0	0	0	0	0	0	0	0	0	0	0
474	9811677	8813	8813	9	0	1	0	1	0	1	0	0	0	0	1	0	0	1	0	1	0	0	3	0
475	1582860644	8821	8821	9	0	2	0	0	0	2	0	0	0	1	0	0	0	2	0	0	0	2	0	0
476	1722693646	9007	9007	5	0	1	0	0	0	1	0	0	0	0	0	0	0	1	0	1	0	1	0	0
477	869135589	9022	9022	0	0	0	0	0	0	0	0	0	0	0	0	0	0	0	0	0	0	0	0	0
478	1617988623	8818	8818	0	0	0	0	0	0	0	0	0	0	0	0	0	0	0	0	0	0	0	0	0
479	433081425	8737	8737	2	0	0	0	0	0	0	0	0	0	1	0	0	0	0	0	0	0	1	0	0
480	468091893	8920	8920	0	0	0	0	0	0	0	0	0	0	0	0	0	0	0	0	0	0	0	0	0
481	729500040	8904	8904	0	0	0	0	0	0	0	0	0	0	0	0	0	0	0	0	0	0	0	0	0
482	1992536174	8809	8809	0	0	0	0	0	0	0	0	0	0	0	0	0	0	0	0	0	0	0	0	0
483	793390229	8794	8794	0	0	0	0	0	0	0	0	0	0	0	0	0	0	0	0	0	0	0	0	0
484	322154272	8735	8734	0	0	0	0	0	0	0	0	0	0	0	0	0	0	0	0	0	0	0	0	0
485	468438792	9040	9040	3	1	0	0	0	1	0	0	0	0	0	0	0	1	0	0	0	0	0	0	0
486	462984982	8879	8879	4	0	0	0	1	0	0	0	0	0	0	0	0	0	0	0	1	0	1	1	0
487	1770618942	8798	8798	5	1	0	0	0	1	0	0	0	1	0	0	0	1	0	0	0	1	0	0	0
488	653184203	8826	8826	0	0	0	0	0	0	0	0	0	0	0	0	0	0	0	0	0	0	0	0	0
489	195164314	8992	8992	0	0	0	0	0	0	0	0	0	0	0	0	0	0	0	0	0	0	0	0	0
490	1929238322	8924	8924	0	0	0	0	0	0	0	0	0	0	0	0	0	0	0	0	0	0	0	0	0
491	519983137	8738	8738	2	0	0	0	0	0	0	0	0	0	1	0	0	0	0	0	0	0	1	0	0
492	1735911957	8658	8658	0	0	0	0	0	0	0	0	0	0	0	0	0	0	0	0	0	0	0	0	0
493	1108540958	8823	8823	0	0	0	0	0	0	0	0	0	0	0	0	0	0	0	0	0	0	0	0	0
494	1226679167	8822	8822	9	1	1	0	0	1	1	0	1	0	0	0	0	1	2	0	0	1	0	0	0
495	568431967	8734	8734	1	0	0	0	0	0	0	0	0	0	0	0	0	0	0	0	0	0	1	0	0
496	967079015	8708	8708	1	0	0	0	0	0	0	0	0	0	0	0	0	0	0	0	1	0	0	0	0
497	757287414	8712	8712	3	0	0	0	0	0	0	0	0	0	2	0	0	0	0	0	0	0	1	0	0
498	420490780	8977	8977	7	1	1	0	0	1	1	0	0	1	0	0	0	0	1	0	0	0	1	0	0
499	1833313030	8936	8936	0	0	0	0	0	0	0	0	0	0	0	0	0	0	0	0	0	0	0	0	0
500	632612590	8835	8835	4	1	0	0	0	1	0	0	0	0	0	0	0	1	0	0	1	0	0	0	0
501	1195994882	8908	8908	1	0	0	0	0	0	1	0	0	0	0	0	0	0	0	0	0	0	0	0	0
502	1047639468	8783	8783	0	0	0	0	0	0	0	0	0	0	0	0	0	0	0	0	0	0	0	0	0
503	514240987	8878	8878	4	0	0	0	0	1	1	0	0	1	0	0	0	0	0	0	0	1	0	0	0
504	1348733524	8770	8770	5	1	0	0	0	1	0	0	0	1	0	0	0	1	0	0	0	1	0	0	0
505	1701266333	8831	8831	0	0	0	0	0	0	0	0	0	0	0	0	0	0	0	0	0	0	0	0	0
506	1131021141	8922	8922	4	0	0	1	0	0	0	1	0	0	0	1	0	0	0	1	0	0	0	0	0
507	916961820	8926	8926	2	0	0	0	1	0	0	0	1	0	0	0	0	0	0	0	0	0	0	0	0
508	1604343577	8805	8805	0	0	0	0	0	0	0	0	0	0	0	0	0	0	0	0	0	0	0	0	0
509	1677222263	8764	8764	2	0	0	1	0	0	0	0	0	0	0	0	0	0	0	1	0	0	0	0	0
510	1330317306	8991	8991	5	0	1	0	0	0	1	0	0	0	1	0	0	0	1	0	0	0	1	0	0
511	22503445	8786	8786	0	0	0	0	0	0	0	0	0	0	0	0	0	0	0	0	0	0	0	0	0
512	1252714395	8846	8846	5	1	0	0	0	1	0	0	0	1	0	0	0	1	0	0	0	1	0	0	0
513	1860917830	8840	8840	5	0	1	0	0	0	1	0	0	0	1	0	0	0	1	0	0	0	1	0	0
514	1936625052	8809	8809	2	0	0	0	0	1	0	0	0	0	0	0	0	0	0	0	0	1	0	0	0
515	1797301482	8650	8650	0	0	0	0	0	0	0	0	0	0	0	0	0	0	0	0	0	0	0	0	0
516	2084721656	9015	9015	0	0	0	0	0	0	0	0	0	0	0	0	0	0	0	0	0	0	0	0	0
517	451576756	8857	8857	0	0	0	0	0	0	0	0	0	0	0	0	0	0	0	0	0	0	0	0	0
518	2037729235	8813	8813	0	0	0	0	0	0	0	0	0	0	0	0	0	0	0	0	0	0	0	0	0
519	2038192223	8777	8777	0	0	0	0	0	0	0	0	0	0	0	0	0	0	0	0	0	0	0	0	0
520	945433284	8992	8992	1	0	0	0	0	0	0	0	0	1	0	0	0	0	0	0	0	0	0	0	0
521	197727134	8914	8914	0	0	0	0	0	0	0	0	0	0	0	0	0	0	0	0	0	0	0	0	0
522	1504397314	8621	8621	0	0	0	0	0	0	0	0	0	0	0	0	0	0	0	0	0	0	0	0	0
523	750075344	8806	8806	8	1	1	0	0	1	1	0	0	0	1	0	0	1	1	0	0	0	1	0	0
524	814620441	8832	8832	7	1	0	0	0	1	0	0	1	0	0	0	1	1	0	0	0	1	0	0	1
525	939738238	8789	8789	0	0	0	0	0	0	0	0	0	0	0	0	0	0	0	0	0	0	0	0	0
526	330813417	8813	8813	5	0	0	1	0	0	0	1	0	0	0	1	0	0	0	1	0	0	0	1	0
527	896156370	8921	8921	3	0	0	0	0	1	0	0	0	0	1	0	0	0	0	0	0	0	1	0	0
528	762066913	8828	8828	5	0	0	0	1	0	0	0	1	0	0	1	0	0	0	0	1	0	0	1	0
529	567016369	8929	8929	3	0	0	0	0	0	0	0	0	1	0	0	0	0	0	0	0	1	1	0	0
530	753180295	8801	8801	1	0	0	0	0	0	0	0	0	0	0	0	0	0	0	0	0	0	1	0	0
531	20008927	8985	8985	0	0	0	0	0	0	0	0	0	0	0	0	0	0	0	0	0	0	0	0	0
532	437999373	8913	8913	4	0	0	0	0	0	0	0	0	0	2	0	0	0	0	0	0	0	2	0	0
533	554010699	8943	8943	2	0	0	0	0	0	0	0	0	1	0	0	0	0	0	0	1	0	0	0	0
534	61767526	8824	8824	1	0	0	0	0	0	0	1	0	0	0	0	0	0	0	0	0	0	0	0	0
535	252101547	8805	8805	2	0	0	0	0	0	0	0	0	0	1	0	0	0	0	0	0	0	1	0	0
536	1122873370	8753	8753	3	0	1	0	0	0	1	0	0	0	0	0	0	0	1	0	0	0	0	0	0
537	524120755	8913	8913	4	0	1	0	0	0	1	0	0	0	1	0	0	0	1	0	0	0	0	0	0
538	1282409105	8872	8872	0	0	0	0	0	0	0	0	0	0	0	0	0	0	0	0	0	0	0	0	0
539	55716182	9085	9085	8	2	0	0	0	2	0	0	0	2	0	0	0	1	0	0	0	1	0	0	0
540	2068167581	8900	8900	0	0	0	0	0	0	0	0	0	0	0	0	0	0	0	0	0	0	0	0	0
541	965317233	8836	8836	3	0	0	1	0	0	0	1	0	0	0	0	0	0	0	1	0	0	0	0	0
542	1453659960	8905	8905	3	0	0	0	1	0	0	0	1	0	0	0	0	0	0	0	1	0	0	0	0
543	400036403	8892	8892	0	0	0	0	0	0	0	0	0	0	0	0	0	0	0	0	0	0	0	0	0
544	107650275	8751	8751	2	0	0	0	0	0	0	0	0	0	1	0	0	0	0	0	0	0	1	0	0
545	56052558	8900	8900	5	0	0	1	0	0	0	1	0	0	1	1	0	0	0	0	0	0	0	1	0
546	1769280020	8770	8770	1	0	0	0	0	0	0	0	0	0	0	0	0	1	0	0	0	0	0	0	0
547	428591692	8845	8845	7	0	0	1	0	0	0	1	0	0	1	1	0	0	0	1	0	0	1	1	0
548	1327703264	8820	8820	0	0	0	0	0	0	0	0	0	0	0	0	0	0	0	0	0	0	0	0	0
549	1905332914	8772	8772	0	0	0	0	0	0	0	0	0	0	0	0	0	0	0	0	0	0	0	0	0
550	300527939	8826	8826	2	0	0	0	1	0	0	0	0	0	0	0	0	0	0	0	1	0	0	0	0
551	315523193	8854	8854	0	0	0	0	0	0	0	0	0	0	0	0	0	0	0	0	0	0	0	0	0
552	1647542399	8954	8954	0	0	0	0	0	0	0	0	0	0	0	0	0	0	0	0	0	0	0	0	0
553	669979604	8857	8857	2	0	0	0	0	0	0	0	0	0	1	0	0	0	0	0	0	0	1	0	0
554	1937823564	8865	8865	2	0	0	0	0	0	0	0	0	1	0	0	0	0	0	0	0	1	0	0	0
555	1408627782	8851	8851	1	0	0	0	0	0	0	0	0	0	1	0	0	0	0	0	0	0	0	0	0
556	2016747754	8821	8821	3	0	0	0	0	1	0	0	0	1	0	0	0	0	0	0	0	1	0	0	0
557	617341484	8772	8772	3	0	0	0	0	0	0	0	0	0	1	0	0	0	1	0	0	0	1	0	0
558	1611823260	8874	8874	7	1	1	0	0	1	0	0	0	1	0	0	0	1	1	0	0	1	0	0	0
559	1067400218	8819	8819	2	0	0	0	0	0	0	0	0	0	1	0	0	0	0	0	0	0	1	0	0
560	1764452998	8701	8701	1	0	0	0	0	0	0	0	0	0	1	0	0	0	0	0	0	0	0	0	0
561	619118961	8689	8689	1	0	0	0	0	0	0	0	0	0	1	0	0	0	0	0	0	0	0	0	0
562	1857875237	8817	8817	6	1	0	0	0	1	0	0	0	0	1	0	0	1	0	0	0	1	1	0	0
563	1534046345	8693	8693	2	0	0	0	0	0	0	0	0	0	0	1	0	0	0	0	0	0	0	1	0
564	967396991	8794	8794	3	0	0	0	0	0	0	0	0	0	1	0	0	0	0	0	0	1	1	0	0
565	1675848902	8920	8920	4	0	1	0	0	0	1	0	0	0	1	0	0	0	1	0	0	0	0	0	0
566	59478463	8876	8876	0	0	0	0	0	0	0	0	0	0	0	0	0	0	0	0	0	0	0	0	0
567	1983056308	8831	8831	2	0	0	0	0	0	1	0	0	0	0	0	1	0	0	0	0	0	0	0	0
568	1476846083	8819	8819	6	0	1	0	0	0	1	0	0	0	1	0	0	0	2	0	0	0	1	0	0
569	508945572	8693	8693	3	0	0	0	0	0	1	0	0	0	1	0	0	0	0	1	0	0	0	0	0
570	2052937080	8845	8845	0	0	0	0	0	0	0	0	0	0	0	0	0	0	0	0	0	0	0	0	0
571	1580363900	8947	8947	8	0	0	1	0	0	0	1	0	0	2	1	0	0	0	1	0	0	1	1	0
572	514505316	8803	8803	0	0	0	0	0	0	0	0	0	0	0	0	0	0	0	0	0	0	0	0	0
573	1173776302	8845	8845	2	0	0	0	1	0	0	0	0	0	0	0	0	0	0	0	1	0	0	0	0
574	326070613	8872	8872	8	0	1	1	0	0	1	1	0	0	0	1	0	0	1	1	0	0	1	0	0
575	869639011	8812	8812	8	0	0	1	1	0	0	0	1	1	0	0	1	0	0	1	0	1	0	0	1
576	113030247	8816	8816	4	0	1	0	0	0	1	0	0	1	0	0	0	0	1	0	0	0	0	0	0
577	446820232	8848	8848	5	0	0	0	1	0	0	0	1	0	0	0	1	0	0	0	1	0	0	0	1
578	1728771422	8868	8868	2	0	0	0	0	0	0	0	0	0	1	0	0	0	0	0	0	0	1	0	0
579	1389133132	8742	8742	2	0	0	0	0	0	0	0	0	0	1	0	0	0	0	0	0	0	1	0	0
580	2123699725	8836	8836	1	0	0	0	0	0	0	0	0	0	0	1	0	0	0	0	0	0	0	0	0
581	782834474	8717	8717	0	0	0	0	0	0	0	0	0	0	0	0	0	0	0	0	0	0	0	0	0
582	1030492103	8785	8785	3	0	0	0	0	0	0	0	0	1	0	0	0	0	0	0	1	1	0	0	0
583	1151729029	8775	8775	1	0	0	0	0	0	0	0	0	1	0	0	0	0	0	0	0	0	0	0	0
584	1836411772	8745	8745	0	0	0	0	0	0	0	0	0	0	0	0	0	0	0	0	0	0	0	0	0
585	105585201	8835	8835	3	0	0	1	0	0	0	1	0	0	0	0	0	0	0	1	0	0	0	0	0
586	632632200	8777	8777	0	0	0	0	0	0	0	0	0	0	0	0	0	0	0	0	0	0	0	0	0
587	522549956	8876	8876	0	0	0	0	0	0	0	0	0	0	0	0	0	0	0	0	0	0	0	0	0
588	733710463	8778	8778	2	0	0	0	0	0	0	1	0	0	0	0	0	0	0	0	0	0	0	1	0
589	1638303046	8855	8855	2	0	0	0	0	0	0	0	0	0	0	1	0	0	0	0	0	0	0	1	0
590	1003025622	8773	8773	0	0	0	0	0	0	0	0	0	0	0	0	0	0	0	0	0	0	0	0	0
591	467960540	8892	8892	0	0	0	0	0	0	0	0	0	0	0	0	0	0	0	0	0	0	0	0	0
592	808626444	8589	8589	0	0	0	0	0	0	0	0	0	0	0	0	0	0	0	0	0	0	0	0	0
593	1751498173	8923	8923	3	0	1	0	0	0	1	0	0	0	0	0	0	0	1	0	0	0	0	0	0
594	55072920	8929	8929	7	0	1	0	0	0	1	0	0	0	1	1	0	0	1	0	0	0	1	1	0
595	807102805	8778	8777	0	0	0	0	0	0	0	0	0	0	0	0	0	0	0	0	0	0	0	0	0
596	1919189571	8877	8877	0	0	0	0	0	0	0	0	0	0	0	0	0	0	0	0	0	0	0	0	0
597	1807357123	8941	8941	3	0	0	0	0	1	0	0	0	0	0	0	0	0	0	1	0	1	0	0	0
598	1422490316	8840	8840	5	1	0	0	0	1	0	0	0	1	1	0	0	0	0	0	0	1	0	0	0
599	1674336290	9013	9013	0	0	0	0	0	0	0	0	0	0	0	0	0	0	0	0	0	0	0	0	0
600	1804662562	8838	8838	0	0	0	0	0	0	0	0	0	0	0	0	0	0	0	0	0	0	0	0	0
601	1171362100	8705	8705	2	0	1	0	0	0	0	0	0	0	0	0	0	0	1	0	0	0	0	0	0
602	1752699822	8842	8842	3	0	0	1	0	0	0	0	0	0	1	0	0	0	0	1	0	0	0	0	0
603	231602592	8980	8980	0	0	0	0	0	0	0	0	0	0	0	0	0	0	0	0	0	0	0	0	0
604	793598729	8825	8825	1	0	0	0	0	0	0	0	0	0	0	0	0	0	0	0	0	1	0	0	0
605	416762728	8899	8899	0	0	0	0	0	0	0	0	0	0	0	0	0	0	0	0	0	0	0	0	0
606	1573780891	8905	8905	0	0	0	0	0	0	0	0	0	0	0	0	0	0	0	0	0	0	0	0	0
607	1902866728	8858	8858	1	0	0	0	0	0	1	0	0	0	0	0	0	0	0	0	0	0	0	0	0
608	49939964	8862	8862	2	0	0	0	0	0	0	0	0	0	1	0	0	0	0	0	0	0	1	0	0
609	1320907431	8740	8740	6	0	1	0	0	0	1	0	0	0	1	0	0	1	1	0	0	0	1	0	0
610	209778719	8797	8797	0	0	0	0	0	0	0	0	0	0	0	0	0	0	0	0	0	0	0	0	0
611	1982324760	8971	8971	4	1	0	0	0	1	0	0	0	1	0	0	0	1	0	0	0	0	0	0	0
612	446447271	8807	8807	0	0	0	0	0	0	0	0	0	0	0	0	0	0	0	0	0	0	0	0	0
613	1919794245	8863	8863	7	1	0	0	1	1	0	0	0	1	0	0	0	2	0	0	0	1	0	0	0
614	1865830567	8883	8883	5	1	0	0	0	1	0	0	0	1	1	0	0	0	0	0	0	1	0	0	0
615	564598912	8742	8742	3	1	0	0	0	1	0	0	0	0	0	0	0	1	0	0	0	0	0	0	0
616	179781193	8848	8848	1	0	0	0	0	0	0	0	0	0	0	0	0	0	0	0	0	0	0	1	0
617	367221946	8794	8794	2	0	0	1	0	0	0	1	0	0	0	0	0	0	0	0	0	0	0	0	0
618	710429318	8834	8834	5	0	1	0	0	0	1	0	0	0	1	0	0	0	0	0	0	1	1	0	0
619	664284557	8975	8975	0	0	0	0	0	0	0	0	0	0	0	0	0	0	0	0	0	0	0	0	0
620	1884560819	8842	8842	7	0	1	1	0	0	0	1	0	0	0	1	0	0	1	1	0	0	0	1	0
621	1882741817	8892	8892	6	1	1	0	0	1	0	0	0	1	0	0	0	1	1	0	0	0	0	0	0
622	117828809	8852	8852	0	0	0	0	0	0	0	0	0	0	0	0	0	0	0	0	0	0	0	0	0
623	1366759953	8877	8877	5	1	0	0	0	1	0	0	0	1	0	0	0	1	0	0	0	1	0	0	0
624	1769455916	8910	8910	1	0	0	0	0	0	1	0	0	0	0	0	0	0	0	0	0	0	0	0	0
625	1403323442	8946	8946	1	0	1	0	0	0	0	0	0	0	0	0	0	0	0	0	0	0	0	0	0
626	1475290536	8783	8783	2	0	0	0	0	0	0	0	0	0	0	0	0	0	0	0	0	0	1	0	1
627	1775002655	8845	8845	2	0	0	1	0	0	0	0	0	0	0	0	0	0	0	1	0	0	0	0	0
628	2098315064	8893	8893	0	0	0	0	0	0	0	0	0	0	0	0	0	0	0	0	0	0	0	0	0
629	1134085568	8964	8964	1	0	0	0	0	0	0	0	0	0	0	1	0	0	0	0	0	0	0	0	0
630	1387887933	8922	8922	3	0	0	0	1	0	0	0	1	0	0	0	1	0	0	0	0	0	0	0	0
631	1820996619	8866	8866	2	0	0	0	0	0	0	0	0	1	0	0	0	0	0	0	0	1	0	0	0
632	342511622	8912	8912	3	0	0	0	0	1	0	0	0	1	0	0	0	0	0	0	0	1	0	0	0
633	770844695	8972	8972	7	1	1	0	0	1	1	0	0	0	0	0	0	1	1	0	0	1	0	0	0
634	1067757480	8783	8783	0	0	0	0	0	0	0	0	0	0	0	0	0	0	0	0	0	0	0	0	0
635	2100132565	8823	8823	0	0	0	0	0	0	0	0	0	0	0	0	0	0	0	0	0	0	0	0	0
636	2069908091	8907	8907	1	0	0	0	0	0	0	0	0	0	1	0	0	0	0	0	0	0	0	0	0
637	382230586	8776	8776	2	1	0	0	0	1	0	0	0	0	0	0	0	0	0	0	0	0	0	0	0
638	1453757992	8891	8891	1	0	0	0	0	0	0	0	0	0	0	0	0	0	0	0	1	0	0	0	0
639	1154678238	8728	8728	0	0	0	0	0	0	0	0	0	0	0	0	0	0	0	0	0	0	0	0	0
640	1375108776	9132	9132	0	0	0	0	0	0	0	0	0	0	0	0	0	0	0	0	0	0	0	0	0
641	2072819341	8888	8888	0	0	0	0	0	0	0	0	0	0	0	0	0	0	0	0	0	0	0	0	0
642	1488141037	8878	8878	1	0	0	0	0	0	0	1	0	0	0	0	0	0	0	0	0	0	0	0	0
643	1330795968	8993	8993	0	0	0	0	0	0	0	0	0	0	0	0	0	0	0	0	0	0	0	0	0
644	1516487452	8884	8884	0	0	0	0	0	0	0	0	0	0	0	0	0	0	0	0	0	0	0	0	0
645	781706034	8824	8824	5	0	1	0	0	0	1	0	0	0	1	0	0	0	1	0	0	0	1	0	0
646	1454804260	8639	8639	3	0	1	0	0	0	1	0	0	0	0	0	0	0	1	0	0	0	0	0	0
647	320495668	8859	8859	1	0	0	0	0	0	0	0	0	0	0	0	0	0	0	0	1	0	0	0	0
648	439067774	8895	8895	4	0	0	0	0	0	0	0	0	0	2	0	0	0	1	0	0	0	1	0	0
649	1967724846	8813	8813	7	0	1	0	0	0	1	0	0	0	2	0	0	0	1	0	0	0	2	0	0
650	1862539129	8746	8746	3	0	0	0	0	0	0	0	0	0	1	0	0	0	0	0	0	0	2	0	0
651	1973724824	8899	8899	4	0	0	0	0	0	1	0	0	0	1	0	1	0	0	0	0	0	0	0	1
652	1936625283	8955	8955	3	0	0	1	0	0	0	1	0	0	0	0	0	0	0	1	0	0	0	0	0
653	876244738	8806	8806	0	0	0	0	0	0	0	0	0	0	0	0	0	0	0	0	0	0	0	0	0
654	1834279802	8753	8753	0	0	0	0	0	0	0	0	0	0	0	0	0	0	0	0	0	0	0	0	0
655	958833901	8820	8820	5	0	0	1	0	0	0	1	0	0	0	1	0	0	0	1	0	0	0	1	0
656	1041003702	8830	8830	2	0	0	0	0	0	0	0	0	0	0	1	0	0	0	0	0	0	0	1	0
657	1516955953	8513	8513	8	0	2	0	0	0	1	0	0	0	1	1	0	0	2	0	0	0	0	1	0
658	1972798578	8764	8764	0	0	0	0	0	0	0	0	0	0	0	0	0	0	0	0	0	0	0	0	0
659	1372838017	8810	8810	0	0	0	0	0	0	0	0	0	0	0	0	0	0	0	0	0	0	0	0	0
660	1871490404	8857	8857	3	0	0	0	0	0	1	0	0	0	1	0	0	0	0	0	0	0	1	0	0
661	1747467901	9012	9012	4	0	0	0	1	0	0	0	1	0	0	0	1	0	0	0	0	0	0	0	1
662	417382190	8817	8817	2	0	0	0	0	0	0	0	0	0	0	1	0	0	0	0	0	0	0	1	0
663	105248207	8774	8774	4	0	0	0	0	0	0	0	0	0	2	0	0	0	0	0	0	0	2	0	0
664	1514802295	8957	8957	3	0	1	0	0	0	1	0	0	0	0	0	0	0	1	0	0	0	0	0	0
665	1880116720	8777	8777	0	0	0	0	0	0	0	0	0	0	0	0	0	0	0	0	0	0	0	0	0
666	96584295	8834	8834	1	0	0	0	0	0	0	0	0	0	0	0	0	0	1	0	0	0	0	0	0
667	1042832732	8784	8784	3	0	1	0	0	0	1	0	0	0	0	0	0	0	1	0	0	0	0	0	0
668	161923315	8966	8966	5	1	0	0	0	1	0	0	0	1	0	0	0	1	0	0	0	1	0	0	0
669	614870966	8899	8899	0	0	0	0	0	0	0	0	0	0	0	0	0	0	0	0	0	0	0	0	0
670	1603027971	8968	8968	5	0	1	0	0	0	1	0	0	0	1	0	0	0	1	0	0	0	1	0	0
671	841356	8766	8766	0	0	0	0	0	0	0	0	0	0	0	0	0	0	0	0	0	0	0	0	0
672	838429085	8664	8664	0	0	0	0	0	0	0	0	0	0	0	0	0	0	0	0	0	0	0	0	0
673	111235533	8870	8870	2	0	1	0	0	0	0	0	0	0	0	0	0	0	1	0	0	0	0	0	0
674	1249026328	8570	8570	0	0	0	0	0	0	0	0	0	0	0	0	0	0	0	0	0	0	0	0	0
675	1702171360	8670	8670	0	0	0	0	0	0	0	0	0	0	0	0	0	0	0	0	0	0	0	0	0
676	774070061	8760	8760	0	0	0	0	0	0	0	0	0	0	0	0	0	0	0	0	0	0	0	0	0
677	862327568	8686	8686	1	0	1	0	0	0	0	0	0	0	0	0	0	0	0	0	0	0	0	0	0
678	1423380784	9012	9012	7	0	0	1	0	0	0	1	0	0	0	1	1	0	0	1	0	0	0	1	1
679	1364066983	8765	8765	3	0	0	0	0	0	0	0	0	0	2	0	0	0	0	0	0	0	1	0	0
680	1465931516	8679	8679	2	0	0	0	0	0	0	0	0	0	0	1	0	0	0	0	0	0	0	1	0
681	1813668251	9050	9050	0	0	0	0	0	0	0	0	0	0	0	0	0	0	0	0	0	0	0	0	0
682	1051582110	8788	8788	2	0	0	0	0	0	0	0	0	0	0	1	0	0	0	0	0	0	0	1	0
683	830410159	8882	8882	0	0	0	0	0	0	0	0	0	0	0	0	0	0	0	0	0	0	0	0	0
684	2005360867	8809	8809	0	0	0	0	0	0	0	0	0	0	0	0	0	0	0	0	0	0	0	0	0
685	10157440	8753	8753	0	0	0	0	0	0	0	0	0	0	0	0	0	0	0	0	0	0	0	0	0
686	1001462689	8860	8860	0	0	0	0	0	0	0	0	0	0	0	0	0	0	0	0	0	0	0	0	0
687	982438648	8765	8765	0	0	0	0	0	0	0	0	0	0	0	0	0	0	0	0	0	0	0	0	0
688	995475772	8913	8913	0	0	0	0	0	0	0	0	0	0	0	0	0	0	0	0	0	0	0	0	0
689	1904276676	8779	8779	0	0	0	0	0	0	0	0	0	0	0	0	0	0	0	0	0	0	0	0	0
690	758175603	8942	8942	0	0	0	0	0	0	0	0	0	0	0	0	0	0	0	0	0	0	0	0	0
691	176147615	8885	8885	0	0	0	0	0	0	0	0	0	0	0	0	0	0	0	0	0	0	0	0	0
692	2003595936	8772	8772	3	0	1	0	0	0	1	0	0	0	1	0	0	0	0	0	0	0	0	0	0
693	595665029	8854	8854	0	0	0	0	0	0	0	0	0	0	0	0	0	0	0	0	0	0	0	0	0
694	583446181	8854	8854	0	0	0	0	0	0	0	0	0	0	0	0	0	0	0	0	0	0	0	0	0
695	2002704348	8793	8793	3	0	0	0	0	0	0	0	0	0	1	0	1	0	0	0	0	0	0	0	1
696	1514452810	8725	8725	8	0	2	0	0	0	2	0	0	0	2	0	0	0	1	0	0	0	1	0	0
697	975954031	8842	8842	2	0	0	0	0	0	0	0	0	0	0	0	1	0	0	0	0	0	0	0	1
698	1383653716	8763	8763	10	0	0	2	0	0	0	2	0	0	0	1	1	0	0	2	0	0	0	1	1
699	127120768	8821	8821	0	0	0	0	0	0	0	0	0	0	0	0	0	0	0	0	0	0	0	0	0
700	423092237	8993	8993	4	1	0	0	0	1	0	0	0	1	0	0	0	0	0	0	0	1	0	0	0
701	680986288	8746	8746	0	0	0	0	0	0	0	0	0	0	0	0	0	0	0	0	0	0	0	0	0
702	576182828	8924	8924	1	0	0	0	0	0	0	0	0	0	0	1	0	0	0	0	0	0	0	0	0
703	526621298	8793	8793	0	0	0	0	0	0	0	0	0	0	0	0	0	0	0	0	0	0	0	0	0
704	516494080	8839	8839	0	0	0	0	0	0	0	0	0	0	0	0	0	0	0	0	0	0	0	0	0
705	1410572201	8987	8987	2	0	0	0	0	0	0	0	0	1	0	0	0	0	0	0	0	1	0	0	0
706	1866622683	8849	8849	5	1	0	0	0	1	0	0	0	0	0	0	2	1	0	0	0	0	0	0	0
707	1426490582	8704	8704	5	0	0	0	1	0	0	0	0	0	1	0	1	0	0	0	1	0	1	0	0
708	1499189317	8946	8946	0	0	0	0	0	0	0	0	0	0	0	0	0	0	0	0	0	0	0	0	0
709	905389260	8786	8786	0	0	0	0	0	0	0	0	0	0	0	0	0	0	0	0	0	0	0	0	0
710	1656220931	8612	8612	1	0	0	0	0	0	0	0	0	0	1	0	0	0	0	0	0	0	0	0	0
711	369235130	8841	8841	2	0	0	0	0	0	0	0	0	0	0	1	0	0	0	0	0	0	0	1	0
712	1831773963	8872	8872	5	0	1	0	0	0	1	0	0	0	1	0	0	0	1	0	0	0	1	0	0
713	848900262	8721	8721	3	0	0	0	0	1	0	0	0	1	0	0	0	0	0	0	0	1	0	0	0
714	1909405588	8734	8734	0	0	0	0	0	0	0	0	0	0	0	0	0	0	0	0	0	0	0	0	0
715	890100049	8879	8879	6	0	1	0	0	0	1	0	0	0	2	0	0	0	1	0	0	0	1	0	0
716	502029224	8892	8892	5	1	0	0	0	1	0	0	0	1	0	0	0	1	0	0	0	1	0	0	0
717	685696050	8877	8877	0	0	0	0	0	0	0	0	0	0	0	0	0	0	0	0	0	0	0	0	0
718	755698582	8800	8800	5	0	0	0	1	0	0	0	1	0	0	0	1	0	0	0	1	0	0	0	1
719	1597963727	8886	8886	0	0	0	0	0	0	0	0	0	0	0	0	0	0	0	0	0	0	0	0	0
720	479518794	8785	8785	0	0	0	0	0	0	0	0	0	0	0	0	0	0	0	0	0	0	0	0	0
721	533946983	8908	8908	1	0	0	0	0	0	0	0	0	0	0	0	0	0	1	0	0	0	0	0	0
722	1180786167	8683	8683	0	0	0	0	0	0	0	0	0	0	0	0	0	0	0	0	0	0	0	0	0
723	612456337	8853	8853	2	0	0	0	0	0	0	0	0	1	0	0	0	0	0	0	0	1	0	0	0
724	1463035240	8895	8895	4	0	1	0	0	0	1	0	0	0	1	0	0	0	0	0	0	0	1	0	0
725	955189570	9103	9103	0	0	0	0	0	0	0	0	0	0	0	0	0	0	0	0	0	0	0	0	0
726	2053303047	8943	8943	0	0	0	0	0	0	0	0	0	0	0	0	0	0	0	0	0	0	0	0	0
727	126289540	8951	8951	0	0	0	0	0	0	0	0	0	0	0	0	0	0	0	0	0	0	0	0	0
728	1139763348	9028	9028	2	0	0	0	0	1	0	0	0	1	0	0	0	0	0	0	0	0	0	0	0
729	1194570986	8886	8886	9	0	1	1	0	0	1	2	0	0	0	1	0	0	1	0	0	0	0	2	0
730	2092211167	8735	8735	2	0	0	0	0	0	0	0	0	0	1	0	0	0	0	0	0	0	1	0	0
731	1428485908	8851	8851	0	0	0	0	0	0	0	0	0	0	0	0	0	0	0	0	0	0	0	0	0
732	1552404	8771	8771	2	0	0	0	0	0	0	0	0	0	0	1	0	0	0	0	0	0	0	1	0
733	1409047145	8942	8942	3	1	0	0	0	0	0	0	0	1	0	0	0	1	0	0	0	0	0	0	0
734	112142669	8938	8938	0	0	0	0	0	0	0	0	0	0	0	0	0	0	0	0	0	0	0	0	0
735	1570771449	8657	8657	0	0	0	0	0	0	0	0	0	0	0	0	0	0	0	0	0	0	0	0	0
736	1043453055	8951	8951	0	0	0	0	0	0	0	0	0	0	0	0	0	0	0	0	0	0	0	0	0
737	95181705	8734	8734	1	0	0	0	0	0	0	0	0	0	0	0	0	0	1	0	0	0	0	0	0
738	270452175	8801	8801	4	0	0	0	0	0	0	0	0	0	2	0	0	0	0	0	0	0	2	0	0
739	739251834	8802	8802	4	1	0	0	0	1	0	0	0	1	0	0	0	0	0	0	0	1	0	0	0
740	939626448	8934	8934	5	0	1	0	0	0	1	0	0	0	0	1	0	0	1	0	0	0	0	1	0
741	1554504184	8822	8822	4	0	1	0	0	0	0	0	0	0	1	0	0	0	1	0	0	0	1	0	0
742	1255747226	8794	8794	0	0	0	0	0	0	0	0	0	0	0	0	0	0	0	0	0	0	0	0	0
743	1927145831	8709	8709	0	0	0	0	0	0	0	0	0	0	0	0	0	0	0	0	0	0	0	0	0
744	1988029308	8977	8977	0	0	0	0	0	0	0	0	0	0	0	0	0	0	0	0	0	0	0	0	0
745	137616929	8836	8836	1	0	0	0	1	0	0	0	0	0	0	0	0	0	0	0	0	0	0	0	0
746	157623786	8677	8677	2	0	0	0	0	0	0	0	0	0	0	0	1	0	0	0	0	0	0	0	1
747	302606101	8816	8816	0	0	0	0	0	0	0	0	0	0	0	0	0	0	0	0	0	0	0	0	0
748	396008095	8768	8768	0	0	0	0	0	0	0	0	0	0	0	0	0	0	0	0	0	0	0	0	0
749	1377792018	8713	8713	0	0	0	0	0	0	0	0	0	0	0	0	0	0	0	0	0	0	0	0	0
750	939403481	8764	8764	4	0	0	0	1	0	0	0	1	1	0	0	0	0	0	0	0	1	0	0	0
751	1828475494	8865	8865	0	0	0	0	0	0	0	0	0	0	0	0	0	0	0	0	0	0	0	0	0
752	1393955449	8869	8869	0	0	0	0	0	0	0	0	0	0	0	0	0	0	0	0	0	0	0	0	0
753	68000905	8816	8816	4	0	1	0	0	0	1	0	0	0	1	0	0	0	0	0	0	0	1	0	0
754	463758683	8956	8956	2	0	0	0	0	0	0	0	0	1	0	0	0	0	0	0	0	1	0	0	0
755	863032852	8861	8861	5	0	0	1	0	0	0	1	0	0	0	1	0	0	0	1	0	0	0	1	0
756	1296568567	8826	8826	5	1	0	0	0	1	0	0	0	0	0	1	0	1	0	0	0	0	0	1	0
757	588325191	8661	8661	0	0	0	0	0	0	0	0	0	0	0	0	0	0	0	0	0	0	0	0	0
758	573891149	8766	8766	5	0	0	0	0	0	0	0	0	0	1	0	1	0	0	1	0	0	1	0	1
759	1805808812	8787	8787	0	0	0	0	0	0	0	0	0	0	0	0	0	0	0	0	0	0	0	0	0
760	831698558	8916	8916	0	0	0	0	0	0	0	0	0	0	0	0	0	0	0	0	0	0	0	0	0
761	2013223473	8689	8689	11	2	0	0	0	2	0	0	0	2	0	0	0	2	0	1	0	2	0	0	0
762	1416491387	8813	8813	1	0	0	0	0	0	0	0	0	0	0	0	1	0	0	0	0	0	0	0	0
763	706301560	8660	8660	1	0	0	0	0	0	0	0	0	0	1	0	0	0	0	0	0	0	0	0	0
764	1799776737	8877	8877	0	0	0	0	0	0	0	0	0	0	0	0	0	0	0	0	0	0	0	0	0
765	1588711308	8753	8753	2	0	0	0	0	1	0	0	0	1	0	0	0	0	0	0	0	0	0	0	0
766	566194568	8805	8805	8	0	1	1	0	0	1	1	0	0	1	1	0	0	1	0	0	0	0	1	0
767	1539570670	8870	8870	5	1	0	0	0	1	0	0	0	1	0	0	0	1	0	0	0	1	0	0	0
768	966004775	8689	8689	2	0	0	0	0	0	0	0	0	1	0	0	0	0	0	0	0	1	0	0	0
769	1919759148	8824	8824	0	0	0	0	0	0	0	0	0	0	0	0	0	0	0	0	0	0	0	0	0
770	1840720320	8825	8825	2	0	0	0	0	0	0	0	0	0	0	1	0	0	0	0	0	0	0	1	0
771	2125618366	9034	9033	0	0	0	0	0	0	0	0	0	0	0	0	0	0	0	0	0	0	0	0	0
772	1296608949	8774	8774	0	0	0	0	0	0	0	0	0	0	0	0	0	0	0	0	0	0	0	0	0
773	1072308085	8928	8928	0	0	0	0	0	0	0	0	0	0	0	0	0	0	0	0	0	0	0	0	0
774	1845718165	8787	8787	0	0	0	0	0	0	0	0	0	0	0	0	0	0	0	0	0	0	0	0	0
775	361310250	8799	8799	2	0	1	0	0	0	0	0	0	0	0	0	0	0	1	0	0	0	0	0	0
776	1060163125	8924	8924	2	0	0	0	0	0	0	0	0	0	1	0	0	0	0	0	0	0	1	0	0
777	1776874706	8721	8721	0	0	0	0	0	0	0	0	0	0	0	0	0	0	0	0	0	0	0	0	0
778	789077984	9129	9129	2	0	0	0	0	0	0	0	0	0	1	0	0	0	0	0	0	0	1	0	0
779	41940642	8924	8924	8	0	1	1	0	0	1	1	0	0	0	0	0	0	0	1	0	0	2	1	0
780	1457765590	8740	8740	2	0	0	0	0	0	0	0	0	0	0	1	0	0	1	0	0	0	0	0	0
781	1181050559	8898	8898	0	0	0	0	0	0	0	0	0	0	0	0	0	0	0	0	0	0	0	0	0
782	2082159860	8858	8858	12	0	2	0	1	0	1	0	1	0	0	0	2	0	2	0	1	0	1	0	1
783	51529182	8919	8919	0	0	0	0	0	0	0	0	0	0	0	0	0	0	0	0	0	0	0	0	0
784	1344480148	8938	8938	0	0	0	0	0	0	0	0	0	0	0	0	0	0	0	0	0	0	0	0	0
785	1838116071	8788	8788	0	0	0	0	0	0	0	0	0	0	0	0	0	0	0	0	0	0	0	0	0
786	1104649539	8737	8737	2	0	0	0	0	0	0	0	0	0	1	0	0	0	0	0	0	0	1	0	0
787	2077259688	8902	8902	6	0	0	0	0	1	0	1	0	0	0	1	1	0	0	0	0	0	0	1	1
788	467169282	9086	9086	0	0	0	0	0	0	0	0	0	0	0	0	0	0	0	0	0	0	0	0	0
789	1097813449	8777	8777	0	0	0	0	0	0	0	0	0	0	0	0	0	0	0	0	0	0	0	0	0
790	1449023043	8737	8737	1	0	0	0	0	0	0	0	0	0	1	0	0	0	0	0	0	0	0	0	0
791	925668979	8852	8852	1	0	0	0	0	0	0	0	0	0	0	0	0	0	1	0	0	0	0	0	0
792	31521401	8892	8892	3	1	0	0	0	1	0	0	0	0	0	0	0	1	0	0	0	0	0	0	0
793	38999075	8734	8734	0	0	0	0	0	0	0	0	0	0	0	0	0	0	0	0	0	0	0	0	0
794	1606430428	9043	9043	2	0	0	0	0	0	0	0	0	0	1	0	0	0	0	0	0	0	1	0	0
795	577305824	8956	8956	1	0	0	0	0	0	0	0	0	0	0	0	0	0	0	0	0	0	1	0	0
796	684473425	8917	8917	2	0	0	0	0	0	0	0	0	0	1	0	0	0	0	0	0	0	1	0	0
797	793775990	8784	8784	7	1	0	0	1	1	0	0	1	1	0	0	0	1	0	0	0	1	0	0	0
798	1322592250	8732	8732	0	0	0	0	0	0	0	0	0	0	0	0	0	0	0	0	0	0	0	0	0
799	1729109283	9014	9014	0	0	0	0	0	0	0	0	0	0	0	0	0	0	0	0	0	0	0	0	0
800	394098596	8659	8659	0	0	0	0	0	0	0	0	0	0	0	0	0	0	0	0	0	0	0	0	0
801	1945845008	8867	8867	6	1	1	1	0	0	1	0	0	0	0	0	0	0	1	1	0	0	0	0	0
802	363263172	8785	8785	0	0	0	0	0	0	0	0	0	0	0	0	0	0	0	0	0	0	0	0	0
803	1540592178	8802	8802	0	0	0	0	0	0	0	0	0	0	0	0	0	0	0	0	0	0	0	0	0
804	1634239608	8877	8877	0	0	0	0	0	0	0	0	0	0	0	0	0	0	0	0	0	0	0	0	0
805	471354668	8864	8864	0	0	0	0	0	0	0	0	0	0	0	0	0	0	0	0	0	0	0	0	0
806	1806342782	8892	8892	0	0	0	0	0	0	0	0	0	0	0	0	0	0	0	0	0	0	0	0	0
807	324683280	8834	8834	0	0	0	0	0	0	0	0	0	0	0	0	0	0	0	0	0	0	0	0	0
808	465934855	8853	8853	0	0	0	0	0	0	0	0	0	0	0	0	0	0	0	0	0	0	0	0	0
809	720583902	8916	8916	13	2	0	1	0	2	0	1	0	1	0	1	0	2	0	1	0	1	0	1	0
810	154065794	8958	8958	0	0	0	0	0	0	0	0	0	0	0	0	0	0	0	0	0	0	0	0	0
811	702118531	8768	8768	2	0	0	0	0	0	0	0	0	0	0	0	0	0	0	0	1	0	0	0	1
812	1348293258	8836	8836	3	0	1	0	0	0	1	0	0	0	0	0	0	0	0	0	0	0	0	0	1
813	244634404	8839	8839	3	0	1	0	0	0	1	0	0	0	0	0	0	0	1	0	0	0	0	0	0
814	850345414	8821	8821	0	0	0	0	0	0	0	0	0	0	0	0	0	0	0	0	0	0	0	0	0
815	1067964099	8677	8677	0	0	0	0	0	0	0	0	0	0	0	0	0	0	0	0	0	0	0	0	0
816	907446513	8857	8857	0	0	0	0	0	0	0	0	0	0	0	0	0	0	0	0	0	0	0	0	0
817	473718170	8855	8855	0	0	0	0	0	0	0	0	0	0	0	0	0	0	0	0	0	0	0	0	0
818	1718460730	8843	8843	0	0	0	0	0	0	0	0	0	0	0	0	0	0	0	0	0	0	0	0	0
819	643789750	8738	8738	3	0	1	0	0	0	0	0	0	0	1	0	0	0	0	0	0	0	1	0	0
820	1587101556	8758	8758	0	0	0	0	0	0	0	0	0	0	0	0	0	0	0	0	0	0	0	0	0
821	1628411837	8604	8604	0	0	0	0	0	0	0	0	0	0	0	0	0	0	0	0	0	0	0	0	0
822	1218166021	8945	8945	0	0	0	0	0	0	0	0	0	0	0	0	0	0	0	0	0	0	0	0	0
823	310690900	8790	8790	0	0	0	0	0	0	0	0	0	0	0	0	0	0	0	0	0	0	0	0	0
824	106512990	8692	8692	4	0	1	0	0	0	1	0	0	0	1	0	0	0	1	0	0	0	0	0	0
825	1408595486	8886	8886	2	1	0	0	0	1	0	0	0	0	0	0	0	0	0	0	0	0	0	0	0
826	1364182599	8825	8825	7	1	0	1	0	1	0	0	0	1	0	0	0	0	0	1	0	1	0	0	1
827	1956832813	8836	8836	3	0	0	0	0	0	1	0	0	0	1	0	0	0	0	0	0	0	1	0	0
828	430722766	9049	9049	6	0	0	0	1	1	0	0	1	0	0	0	1	0	0	0	1	0	0	0	1
829	1318795523	8845	8845	0	0	0	0	0	0	0	0	0	0	0	0	0	0	0	0	0	0	0	0	0
830	7275419	9000	9000	6	0	1	0	0	0	1	0	0	0	1	0	1	0	0	0	0	0	1	0	1
831	851514331	8834	8834	1	0	0	0	0	0	0	0	0	0	0	0	0	0	0	0	0	0	0	1	0
832	1188994961	8844	8844	0	0	0	0	0	0	0	0	0	0	0	0	0	0	0	0	0	0	0	0	0
833	1609208885	8980	8980	2	0	0	0	0	0	0	0	0	1	0	0	0	0	0	0	0	1	0	0	0
834	128031396	8869	8869	6	0	1	0	0	0	1	0	0	0	1	0	0	0	1	0	0	0	2	0	0
835	1147676469	8918	8918	4	0	1	0	0	0	1	0	0	0	1	0	0	0	0	0	0	0	1	0	0
836	1555266953	8918	8918	2	0	0	0	0	0	0	0	1	1	0	0	0	0	0	0	0	0	0	0	0
837	27178745	8843	8843	4	0	0	1	0	0	0	1	0	0	0	0	0	0	0	2	0	0	0	0	0
838	1904826997	8851	8851	0	0	0	0	0	0	0	0	0	0	0	0	0	0	0	0	0	0	0	0	0
839	1812291047	8868	8868	0	0	0	0	0	0	0	0	0	0	0	0	0	0	0	0	0	0	0	0	0
840	2080348615	8823	8823	0	0	0	0	0	0	0	0	0	0	0	0	0	0	0	0	0	0	0	0	0
841	51252024	8749	8749	2	0	1	0	0	0	1	0	0	0	0	0	0	0	0	0	0	0	0	0	0
842	494582014	8719	8719	0	0	0	0	0	0	0	0	0	0	0	0	0	0	0	0	0	0	0	0	0
843	304060558	8787	8787	1	0	0	0	0	0	0	0	0	0	1	0	0	0	0	0	0	0	0	0	0
844	406797358	8797	8797	0	0	0	0	0	0	0	0	0	0	0	0	0	0	0	0	0	0	0	0	0
845	1702407886	8870	8870	2	0	0	0	0	0	0	0	0	0	0	0	1	0	0	0	0	0	0	0	1
846	1212159507	8973	8973	0	0	0	0	0	0	0	0	0	0	0	0	0	0	0	0	0	0	0	0	0
847	440138279	8686	8686	0	0	0	0	0	0	0	0	0	0	0	0	0	0	0	0	0	0	0	0	0
848	1609301746	8704	8704	0	0	0	0	0	0	0	0	0	0	0	0	0	0	0	0	0	0	0	0	0
849	1870509170	8891	8891	0	0	0	0	0	0	0	0	0	0	0	0	0	0	0	0	0	0	0	0	0
850	399043197	8832	8832	2	0	0	1	0	0	0	0	0	0	0	0	0	0	0	1	0	0	0	0	0
851	1482929283	8858	8858	0	0	0	0	0	0	0	0	0	0	0	0	0	0	0	0	0	0	0	0	0
852	1789361036	8912	8912	0	0	0	0	0	0	0	0	0	0	0	0	0	0	0	0	0	0	0	0	0
853	295915493	8843	8843	2	0	0	0	0	0	0	0	0	0	1	0	0	0	0	0	0	0	1	0	0
854	1412896875	8866	8866	0	0	0	0	0	0	0	0	0	0	0	0	0	0	0	0	0	0	0	0	0
855	15365107	8813	8813	0	0	0	0	0	0	0	0	0	0	0	0	0	0	0	0	0	0	0	0	0
856	1446070459	8640	8640	0	0	0	0	0	0	0	0	0	0	0	0	0	0	0	0	0	0	0	0	0
857	83849614	8756	8756	0	0	0	0	0	0	0	0	0	0	0	0	0	0	0	0	0	0	0	0	0
858	844656657	8791	8791	2	0	0	0	0	0	0	0	0	0	1	0	0	0	0	0	0	0	1	0	0
859	1758520021	8746	8746	8	1	0	1	0	1	0	0	0	0	1	0	0	1	0	1	0	1	1	0	0
860	392424829	8820	8820	4	0	1	0	0	0	1	0	0	0	1	0	0	0	1	0	0	0	0	0	0
861	1355774992	8878	8878	1	0	0	0	0	0	0	0	0	0	0	0	0	0	0	0	1	0	0	0	0
862	1144693434	8799	8799	0	0	0	0	0	0	0	0	0	0	0	0	0	0	0	0	0	0	0	0	0
863	1427704476	8685	8685	0	0	0	0	0	0	0	0	0	0	0	0	0	0	0	0	0	0	0	0	0
864	1287757616	8838	8838	0	0	0	0	0	0	0	0	0	0	0	0	0	0	0	0	0	0	0	0	0
865	33417157	8829	8829	0	0	0	0	0	0	0	0	0	0	0	0	0	0	0	0	0	0	0	0	0
866	2085131791	8768	8768	0	0	0	0	0	0	0	0	0	0	0	0	0	0	0	0	0	0	0	0	0
867	783470310	9073	9073	0	0	0	0	0	0	0	0	0	0	0	0	0	0	0	0	0	0	0	0	0
868	210502149	8781	8781	3	0	0	0	0	1	0	0	0	1	0	0	0	0	0	0	0	1	0	0	0
869	1657046763	8708	8708	4	0	1	0	0	0	0	0	0	0	1	0	0	0	1	0	0	0	1	0	0
870	1238669521	8925	8925	0	0	0	0	0	0	0	0	0	0	0	0	0	0	0	0	0	0	0	0	0
871	780675680	8736	8736	0	0	0	0	0	0	0	0	0	0	0	0	0	0	0	0	0	0	0	0	0
872	372649803	8874	8874	3	0	0	0	0	0	0	0	0	1	0	0	1	0	0	0	0	0	0	0	1
873	375427976	8778	8778	2	0	0	0	0	0	0	0	0	1	0	0	0	0	0	0	0	1	0	0	0
874	1025383880	8750	8750	0	0	0	0	0	0	0	0	0	0	0	0	0	0	0	0	0	0	0	0	0
875	1159952101	8796	8796	1	0	0	0	1	0	0	0	0	0	0	0	0	0	0	0	0	0	0	0	0
876	1690495256	8738	8738	4	0	1	0	0	0	1	0	0	0	1	0	0	0	1	0	0	0	0	0	0
877	46779301	8742	8742	0	0	0	0	0	0	0	0	0	0	0	0	0	0	0	0	0	0	0	0	0
878	1657397336	8787	8787	3	0	0	1	0	0	0	1	0	0	0	0	0	0	0	1	0	0	0	0	0
879	1663109343	8817	8817	5	0	0	1	0	0	0	1	0	0	0	1	0	0	0	0	1	0	0	1	0
880	1216586907	8658	8658	2	0	0	0	0	0	0	0	0	0	1	0	0	0	0	0	0	0	1	0	0
881	316848478	8793	8793	3	0	1	0	0	0	1	0	0	0	1	0	0	0	0	0	0	0	0	0	0
882	225100293	8810	8810	0	0	0	0	0	0	0	0	0	0	0	0	0	0	0	0	0	0	0	0	0
883	405113917	8862	8862	0	0	0	0	0	0	0	0	0	0	0	0	0	0	0	0	0	0	0	0	0
884	493717613	8741	8741	1	0	0	0	0	0	0	0	0	0	0	0	0	0	0	0	0	0	0	1	0
885	361859502	8815	8815	0	0	0	0	0	0	0	0	0	0	0	0	0	0	0	0	0	0	0	0	0
886	1002076374	8984	8984	0	0	0	0	0	0	0	0	0	0	0	0	0	0	0	0	0	0	0	0	0
887	648723357	8944	8944	0	0	0	0	0	0	0	0	0	0	0	0	0	0	0	0	0	0	0	0	0
888	7697044	8756	8756	0	0	0	0	0	0	0	0	0	0	0	0	0	0	0	0	0	0	0	0	0
889	1062210626	8854	8854	5	0	0	0	1	0	0	0	1	0	0	0	1	0	0	0	1	0	0	0	1
890	851805091	8935	8935	0	0	0	0	0	0	0	0	0	0	0	0	0	0	0	0	0	0	0	0	0
891	794914732	8727	8727	1	0	0	0	0	0	0	0	0	0	1	0	0	0	0	0	0	0	0	0	0
892	1514467793	8904	8904	4	0	1	0	0	0	1	0	0	0	1	0	0	0	0	0	0	0	1	0	0
893	1371495421	8838	8838	6	0	0	0	0	1	0	0	0	2	0	1	0	0	0	0	0	2	0	0	0
894	317809810	8738	8738	3	0	0	0	0	0	0	0	0	1	0	0	0	0	1	0	0	1	0	0	0
895	1019524019	8737	8737	0	0	0	0	0	0	0	0	0	0	0	0	0	0	0	0	0	0	0	0	0
896	89064243	8833	8833	0	0	0	0	0	0	0	0	0	0	0	0	0	0	0	0	0	0	0	0	0
897	1643595867	8835	8835	0	0	0	0	0	0	0	0	0	0	0	0	0	0	0	0	0	0	0	0	0
898	1534673034	8848	8848	1	0	0	0	0	0	0	0	0	0	1	0	0	0	0	0	0	0	0	0	0
899	337047763	8725	8725	0	0	0	0	0	0	0	0	0	0	0	0	0	0	0	0	0	0	0	0	0
900	1994940466	8863	8863	2	0	1	0	0	0	0	0	0	0	0	0	0	0	1	0	0	0	0	0	0
901	844555869	8781	8781	0	0	0	0	0	0	0	0	0	0	0	0	0	0	0	0	0	0	0	0	0
902	1128665669	8944	8944	4	0	1	0	0	0	1	0	0	0	0	0	1	0	0	0	0	0	0	0	1
903	2021442004	8977	8977	0	0	0	0	0	0	0	0	0	0	0	0	0	0	0	0	0	0	0	0	0
904	889437306	8912	8912	2	0	0	0	0	0	0	0	0	0	0	0	1	0	0	0	0	0	0	0	1
905	1814442908	8773	8773	1	0	0	0	0	0	1	0	0	0	0	0	0	0	0	0	0	0	0	0	0
906	530018625	8830	8830	3	0	0	0	0	0	1	0	0	0	1	0	0	0	0	0	0	0	1	0	0
907	865147366	8883	8883	3	0	1	0	0	0	0	0	0	0	1	0	0	0	1	0	0	0	0	0	0
908	1821430003	8813	8813	0	0	0	0	0	0	0	0	0	0	0	0	0	0	0	0	0	0	0	0	0
909	1906090591	8768	8768	0	0	0	0	0	0	0	0	0	0	0	0	0	0	0	0	0	0	0	0	0
910	1335353876	9041	9041	4	1	0	0	0	1	0	0	0	0	0	0	0	1	1	0	0	0	0	0	0
911	1992947381	8848	8848	3	0	0	0	0	0	1	0	0	0	1	0	0	0	0	0	0	0	1	0	0
912	1049960861	8893	8893	0	0	0	0	0	0	0	0	0	0	0	0	0	0	0	0	0	0	0	0	0
913	1740611949	8715	8715	0	0	0	0	0	0	0	0	0	0	0	0	0	0	0	0	0	0	0	0	0
914	1573182059	8973	8973	0	0	0	0	0	0	0	0	0	0	0	0	0	0	0	0	0	0	0	0	0
915	1091163801	8837	8837	7	0	0	0	0	1	0	0	0	1	1	1	0	0	0	0	0	1	1	1	0
916	1688734810	9010	9010	0	0	0	0	0	0	0	0	0	0	0	0	0	0	0	0	0	0	0	0	0
917	1794163276	8796	8796	0	0	0	0	0	0	0	0	0	0	0	0	0	0	0	0	0	0	0	0	0
918	390014072	8821	8821	0	0	0	0	0	0	0	0	0	0	0	0	0	0	0	0	0	0	0	0	0
919	44795331	8793	8793	0	0	0	0	0	0	0	0	0	0	0	0	0	0	0	0	0	0	0	0	0
920	1424982299	8848	8848	0	0	0	0	0	0	0	0	0	0	0	0	0	0	0	0	0	0	0	0	0
921	494117653	8952	8952	2	0	0	0	0	0	0	0	0	0	1	0	0	0	0	0	0	0	1	0	0
922	1083412011	8816	8816	9	1	0	0	0	1	1	0	0	1	2	0	0	1	0	0	0	0	2	0	0
923	1188986135	8816	8816	0	0	0	0	0	0	0	0	0	0	0	0	0	0	0	0	0	0	0	0	0
924	1168090743	8802	8802	1	0	0	0	0	0	0	0	1	0	0	0	0	0	0	0	0	0	0	0	0
925	586681377	8794	8794	3	0	0	1	0	0	0	0	0	0	0	0	0	0	0	1	0	0	1	0	0
926	1844373098	8809	8809	0	0	0	0	0	0	0	0	0	0	0	0	0	0	0	0	0	0	0	0	0
927	1949803303	8743	8742	2	0	0	0	0	0	0	0	0	1	0	0	0	0	0	0	0	1	0	0	0
928	1122711035	8756	8756	0	0	0	0	0	0	0	0	0	0	0	0	0	0	0	0	0	0	0	0	0
929	374283305	8708	8708	3	0	0	0	1	0	1	0	0	0	0	0	0	0	0	0	1	0	0	0	0
930	1663984612	9119	9119	4	0	0	1	0	0	0	1	0	0	0	1	0	0	0	1	0	0	0	0	0
931	1110105986	8826	8826	4	0	0	1	0	0	0	1	0	0	0	1	0	0	0	1	0	0	0	0	0
932	1103171396	8849	8849	1	0	0	0	0	0	0	0	0	1	0	0	0	0	0	0	0	0	0	0	0
933	1749855372	8975	8975	2	0	0	0	0	0	0	0	0	0	0	1	0	0	0	0	0	0	0	1	0
934	84356538	8952	8952	3	0	0	0	0	0	0	0	0	0	1	0	0	0	0	0	0	0	2	0	0
935	1380497969	8975	8975	0	0	0	0	0	0	0	0	0	0	0	0	0	0	0	0	0	0	0	0	0
936	1657386881	8873	8873	0	0	0	0	0	0	0	0	0	0	0	0	0	0	0	0	0	0	0	0	0
937	1239143752	8892	8892	2	0	0	0	1	0	0	0	1	0	0	0	0	0	0	0	0	0	0	0	0
938	683731695	8825	8825	0	0	0	0	0	0	0	0	0	0	0	0	0	0	0	0	0	0	0	0	0
939	1437775593	8736	8736	2	0	0	1	0	0	0	1	0	0	0	0	0	0	0	0	0	0	0	0	0
940	725570811	8895	8895	4	0	0	1	1	0	0	0	1	0	0	0	0	0	0	1	0	0	0	0	0
941	1029378818	8759	8759	1	0	0	0	0	0	0	0	0	0	0	0	0	0	0	0	0	0	1	0	0
942	683102652	8852	8852	0	0	0	0	0	0	0	0	0	0	0	0	0	0	0	0	0	0	0	0	0
943	1566410384	8853	8853	5	1	0	0	0	1	0	0	0	1	0	0	0	1	0	0	0	1	0	0	0
944	503805985	8768	8768	0	0	0	0	0	0	0	0	0	0	0	0	0	0	0	0	0	0	0	0	0
945	1545144200	8729	8729	0	0	0	0	0	0	0	0	0	0	0	0	0	0	0	0	0	0	0	0	0
946	816260292	8802	8802	0	0	0	0	0	0	0	0	0	0	0	0	0	0	0	0	0	0	0	0	0
947	1068515723	8831	8831	0	0	0	0	0	0	0	0	0	0	0	0	0	0	0	0	0	0	0	0	0
948	1764853898	8751	8751	0	0	0	0	0	0	0	0	0	0	0	0	0	0	0	0	0	0	0	0	0
949	612468365	8800	8800	2	0	0	1	0	0	0	0	0	0	0	0	0	0	0	1	0	0	0	0	0
950	1518371916	8975	8975	6	0	0	0	1	0	0	0	1	0	0	0	1	1	0	0	1	0	0	0	1
951	249877182	8748	8748	2	0	0	0	0	0	0	0	0	0	1	0	0	0	0	0	0	0	1	0	0
952	1903094448	8787	8787	0	0	0	0	0	0	0	0	0	0	0	0	0	0	0	0	0	0	0	0	0
953	1542951118	8822	8822	0	0	0	0	0	0	0	0	0	0	0	0	0	0	0	0	0	0	0	0	0
954	323033159	9056	9056	2	0	0	1	0	0	0	1	0	0	0	0	0	0	0	0	0	0	0	0	0
955	116761967	8937	8937	0	0	0	0	0	0	0	0	0	0	0	0	0	0	0	0	0	0	0	0	0
956	2134799668	8831	8831	0	0	0	0	0	0	0	0	0	0	0	0	0	0	0	0	0	0	0	0	0
957	2081853625	8937	8937	0	0	0	0	0	0	0	0	0	0	0	0	0	0	0	0	0	0	0	0	0
958	364459486	8842	8842	0	0	0	0	0	0	0	0	0	0	0	0	0	0	0	0	0	0	0	0	0
959	687386259	8600	8600	0	0	0	0	0	0	0	0	0	0	0	0	0	0	0	0	0	0	0	0	0
960	1302967293	8870	8870	0	0	0	0	0	0	0	0	0	0	0	0	0	0	0	0	0	0	0	0	0
961	826305102	8737	8737	12	0	1	1	0	0	2	1	0	1	0	1	0	0	1	1	0	1	1	1	0
962	1277108571	8735	8735	0	0	0	0	0	0	0	0	0	0	0	0	0	0	0	0	0	0	0	0	0
963	948274164	8726	8726	4	0	0	0	0	0	0	0	0	0	1	0	1	0	0	0	0	0	1	0	1
964	1299437891	9005	9005	0	0	0	0	0	0	0	0	0	0	0	0	0	0	0	0	0	0	0	0	0
965	542525891	8876	8876	3	0	0	0	0	0	1	0	0	0	1	0	0	0	0	0	0	0	1	0	0
966	1890919418	8946	8946	0	0	0	0	0	0	0	0	0	0	0	0	0	0	0	0	0	0	0	0	0
967	669065028	8890	8890	0	0	0	0	0	0	0	0	0	0	0	0	0	0	0	0	0	0	0	0	0
968	360921423	8871	8871	0	0	0	0	0	0	0	0	0	0	0	0	0	0	0	0	0	0	0	0	0
969	1539474198	8860	8860	3	0	1	0	0	0	0	0	0	0	1	0	0	0	1	0	0	0	0	0	0
970	319493467	8796	8796	3	0	0	0	0	0	1	0	0	0	1	0	0	0	0	0	0	0	1	0	0
971	91281025	8792	8792	3	0	1	0	0	0	1	0	0	0	0	0	0	0	1	0	0	0	0	0	0
972	769499820	8927	8927	7	0	0	0	1	0	0	0	1	0	0	1	1	0	0	0	1	0	0	1	1
973	550300894	8890	8890	1	0	0	0	0	0	0	0	0	0	0	0	0	0	0	0	0	0	0	0	1
974	223748712	8843	8843	2	0	0	0	0	0	0	0	0	0	1	0	0	0	0	0	0	0	1	0	0
975	383365444	8931	8931	4	0	0	0	0	0	0	0	0	0	2	0	0	0	0	0	0	0	1	0	1
976	793907539	8723	8723	4	0	1	0	0	0	1	0	0	0	1	0	0	0	0	0	0	0	1	0	0
977	1472887119	8748	8748	0	0	0	0	0	0	0	0	0	0	0	0	0	0	0	0	0	0	0	0	0
978	1387393157	9041	9041	0	0	0	0	0	0	0	0	0	0	0	0	0	0	0	0	0	0	0	0	0
979	353243081	8751	8751	10	0	0	1	1	0	0	1	1	1	0	1	0	0	0	1	1	1	0	1	0
980	74697084	8916	8916	0	0	0	0	0	0	0	0	0	0	0	0	0	0	0	0	0	0	0	0	0
981	338841875	8839	8839	2	0	0	0	0	0	0	0	0	0	0	1	0	0	0	0	0	0	0	1	0
982	1269710255	8959	8959	2	1	0	0	0	0	0	0	0	0	0	0	0	1	0	0	0	0	0	0	0
983	1642081208	8786	8786	0	0	0	0	0	0	0	0	0	0	0	0	0	0	0	0	0	0	0	0	0
984	567842737	8880	8880	0	0	0	0	0	0	0	0	0	0	0	0	0	0	0	0	0	0	0	0	0
985	1892693392	8680	8680	2	0	1	0	0	0	0	0	0	0	0	0	0	0	1	0	0	0	0	0	0
986	1318631501	8862	8862	0	0	0	0	0	0	0	0	0	0	0	0	0	0	0	0	0	0	0	0	0
987	1984506619	8848	8848	5	0	0	0	1	0	0	0	1	0	0	0	1	0	0	0	1	0	0	0	1
988	1832673181	8905	8905	3	0	0	1	0	0	0	1	0	0	0	0	0	0	0	1	0	0	0	0	0
989	1095533200	8861	8861	4	1	0	0	0	1	0	0	0	1	0	0	0	0	0	0	0	1	0	0	0
990	2036542927	8879	8879	2	0	0	0	0	0	0	0	0	0	0	0	0	0	1	0	1	0	0	0	0
991	675995259	8955	8955	3	0	0	0	0	0	0	0	0	1	0	0	0	0	0	0	0	1	1	0	0
992	553055300	8953	8953	6	0	0	0	2	0	0	0	1	0	0	0	1	0	0	0	1	0	0	0	1
993	370943412	8899	8899	3	1	0	0	0	1	0	0	0	0	0	0	0	1	0	0	0	0	0	0	0
994	1723842716	8974	8974	2	0	0	0	0	0	0	0	0	0	1	0	0	0	0	0	0	0	1	0	0
995	1655135044	8920	8920	4	0	1	0	0	0	1	0	0	0	1	0	0	0	0	0	0	0	1	0	0
996	1471043952	8716	8716	1	0	0	0	0	0	0	0	0	0	1	0	0	0	0	0	0	0	0	0	0
997	1740568766	8701	8701	0	0	0	0	0	0	0	0	0	0	0	0	0	0	0	0	0	0	0	0	0
998	1662743620	8840	8840	0	0	0	0	0	0	0	0	0	0	0	0	0	0	0	0	0	0	0	0	0
999	235195686	8828	8828	7	2	0	0	0	0	0	0	0	0	1	0	1	1	0	0	0	0	1	0	1
